ISO-10303-21;
HEADER;
/* Generated by software containing ST-Developer
 * from STEP Tools, Inc. (www.steptools.com) 
 */

FILE_DESCRIPTION(
/* description */ (''),
/* implementation_level */ '2;1');

FILE_NAME(
/* name */ '7-Segment 30mm.step',
/* time_stamp */ '2024-08-23T12:10:59+02:00',
/* author */ (''),
/* organization */ (''),
/* preprocessor_version */ 'ST-DEVELOPER v20',
/* originating_system */ 'Autodesk Translation Framework v13.14.0.145',

/* authorisation */ '');

FILE_SCHEMA (('AUTOMOTIVE_DESIGN { 1 0 10303 214 3 1 1 }'));
ENDSEC;

DATA;
#10=MECHANICAL_DESIGN_GEOMETRIC_PRESENTATION_REPRESENTATION('',(#65,#66,
#67,#68,#69,#70,#71,#72,#73,#74,#75,#76,#77,#78),#2807);
#11=SHAPE_REPRESENTATION_RELATIONSHIP('SRR','None',#2814,#12);
#12=ADVANCED_BREP_SHAPE_REPRESENTATION('',(#13),#2806);
#13=MANIFOLD_SOLID_BREP('K\X\F6rper1',#1739);
#14=FACE_BOUND('',#250,.T.);
#15=FACE_BOUND('',#251,.T.);
#16=FACE_BOUND('',#252,.T.);
#17=FACE_BOUND('',#253,.T.);
#18=FACE_BOUND('',#254,.T.);
#19=FACE_BOUND('',#255,.T.);
#20=FACE_BOUND('',#256,.T.);
#21=FACE_BOUND('',#257,.T.);
#22=FACE_BOUND('',#258,.T.);
#23=FACE_BOUND('',#259,.T.);
#24=FACE_BOUND('',#283,.T.);
#25=FACE_BOUND('',#284,.T.);
#26=FACE_BOUND('',#285,.T.);
#27=FACE_BOUND('',#286,.T.);
#28=FACE_BOUND('',#287,.T.);
#29=FACE_BOUND('',#288,.T.);
#30=FACE_BOUND('',#289,.T.);
#31=FACE_BOUND('',#290,.T.);
#32=CIRCLE('',#1775,1.5);
#33=CIRCLE('',#1776,1.5);
#34=CIRCLE('',#1807,0.25);
#35=CIRCLE('',#1808,0.25);
#36=CIRCLE('',#1811,0.25);
#37=CIRCLE('',#1812,0.25);
#38=CIRCLE('',#1815,0.25);
#39=CIRCLE('',#1816,0.25);
#40=CIRCLE('',#1819,0.25);
#41=CIRCLE('',#1820,0.25);
#42=CIRCLE('',#1823,0.25);
#43=CIRCLE('',#1824,0.25);
#44=CIRCLE('',#1827,0.25);
#45=CIRCLE('',#1828,0.25);
#46=CIRCLE('',#1831,0.25);
#47=CIRCLE('',#1832,0.25);
#48=CIRCLE('',#1835,0.25);
#49=CIRCLE('',#1836,0.25);
#50=CIRCLE('',#1839,0.25);
#51=CIRCLE('',#1840,0.25);
#52=CIRCLE('',#1843,0.25);
#53=CIRCLE('',#1844,0.25);
#54=CYLINDRICAL_SURFACE('',#1774,1.5);
#55=CYLINDRICAL_SURFACE('',#1806,0.25);
#56=CYLINDRICAL_SURFACE('',#1810,0.25);
#57=CYLINDRICAL_SURFACE('',#1814,0.25);
#58=CYLINDRICAL_SURFACE('',#1818,0.25);
#59=CYLINDRICAL_SURFACE('',#1822,0.25);
#60=CYLINDRICAL_SURFACE('',#1826,0.25);
#61=CYLINDRICAL_SURFACE('',#1830,0.25);
#62=CYLINDRICAL_SURFACE('',#1834,0.25);
#63=CYLINDRICAL_SURFACE('',#1838,0.25);
#64=CYLINDRICAL_SURFACE('',#1842,0.25);
#65=STYLED_ITEM('',(#2824),#1648);
#66=STYLED_ITEM('',(#2824),#1655);
#67=STYLED_ITEM('',(#2824),#1662);
#68=STYLED_ITEM('',(#2824),#1664);
#69=STYLED_ITEM('',(#2824),#1671);
#70=STYLED_ITEM('',(#2824),#1678);
#71=STYLED_ITEM('',(#2824),#1685);
#72=STYLED_ITEM('',(#2824),#1692);
#73=STYLED_ITEM('',(#2825),#1734);
#74=STYLED_ITEM('',(#2825),#1735);
#75=STYLED_ITEM('',(#2825),#1736);
#76=STYLED_ITEM('',(#2825),#1737);
#77=STYLED_ITEM('',(#2826),#1738);
#78=STYLED_ITEM('',(#2823),#13);
#79=FACE_OUTER_BOUND('',#176,.T.);
#80=FACE_OUTER_BOUND('',#177,.T.);
#81=FACE_OUTER_BOUND('',#178,.T.);
#82=FACE_OUTER_BOUND('',#179,.T.);
#83=FACE_OUTER_BOUND('',#180,.T.);
#84=FACE_OUTER_BOUND('',#181,.T.);
#85=FACE_OUTER_BOUND('',#182,.T.);
#86=FACE_OUTER_BOUND('',#183,.T.);
#87=FACE_OUTER_BOUND('',#184,.T.);
#88=FACE_OUTER_BOUND('',#185,.T.);
#89=FACE_OUTER_BOUND('',#186,.T.);
#90=FACE_OUTER_BOUND('',#187,.T.);
#91=FACE_OUTER_BOUND('',#188,.T.);
#92=FACE_OUTER_BOUND('',#189,.T.);
#93=FACE_OUTER_BOUND('',#190,.T.);
#94=FACE_OUTER_BOUND('',#191,.T.);
#95=FACE_OUTER_BOUND('',#192,.T.);
#96=FACE_OUTER_BOUND('',#193,.T.);
#97=FACE_OUTER_BOUND('',#194,.T.);
#98=FACE_OUTER_BOUND('',#195,.T.);
#99=FACE_OUTER_BOUND('',#196,.T.);
#100=FACE_OUTER_BOUND('',#197,.T.);
#101=FACE_OUTER_BOUND('',#198,.T.);
#102=FACE_OUTER_BOUND('',#199,.T.);
#103=FACE_OUTER_BOUND('',#200,.T.);
#104=FACE_OUTER_BOUND('',#201,.T.);
#105=FACE_OUTER_BOUND('',#202,.T.);
#106=FACE_OUTER_BOUND('',#203,.T.);
#107=FACE_OUTER_BOUND('',#204,.T.);
#108=FACE_OUTER_BOUND('',#205,.T.);
#109=FACE_OUTER_BOUND('',#206,.T.);
#110=FACE_OUTER_BOUND('',#207,.T.);
#111=FACE_OUTER_BOUND('',#208,.T.);
#112=FACE_OUTER_BOUND('',#209,.T.);
#113=FACE_OUTER_BOUND('',#210,.T.);
#114=FACE_OUTER_BOUND('',#211,.T.);
#115=FACE_OUTER_BOUND('',#212,.T.);
#116=FACE_OUTER_BOUND('',#213,.T.);
#117=FACE_OUTER_BOUND('',#214,.T.);
#118=FACE_OUTER_BOUND('',#215,.T.);
#119=FACE_OUTER_BOUND('',#216,.T.);
#120=FACE_OUTER_BOUND('',#217,.T.);
#121=FACE_OUTER_BOUND('',#218,.T.);
#122=FACE_OUTER_BOUND('',#219,.T.);
#123=FACE_OUTER_BOUND('',#220,.T.);
#124=FACE_OUTER_BOUND('',#221,.T.);
#125=FACE_OUTER_BOUND('',#222,.T.);
#126=FACE_OUTER_BOUND('',#223,.T.);
#127=FACE_OUTER_BOUND('',#224,.T.);
#128=FACE_OUTER_BOUND('',#225,.T.);
#129=FACE_OUTER_BOUND('',#226,.T.);
#130=FACE_OUTER_BOUND('',#227,.T.);
#131=FACE_OUTER_BOUND('',#228,.T.);
#132=FACE_OUTER_BOUND('',#229,.T.);
#133=FACE_OUTER_BOUND('',#230,.T.);
#134=FACE_OUTER_BOUND('',#231,.T.);
#135=FACE_OUTER_BOUND('',#232,.T.);
#136=FACE_OUTER_BOUND('',#233,.T.);
#137=FACE_OUTER_BOUND('',#234,.T.);
#138=FACE_OUTER_BOUND('',#235,.T.);
#139=FACE_OUTER_BOUND('',#236,.T.);
#140=FACE_OUTER_BOUND('',#237,.T.);
#141=FACE_OUTER_BOUND('',#238,.T.);
#142=FACE_OUTER_BOUND('',#239,.T.);
#143=FACE_OUTER_BOUND('',#240,.T.);
#144=FACE_OUTER_BOUND('',#241,.T.);
#145=FACE_OUTER_BOUND('',#242,.T.);
#146=FACE_OUTER_BOUND('',#243,.T.);
#147=FACE_OUTER_BOUND('',#244,.T.);
#148=FACE_OUTER_BOUND('',#245,.T.);
#149=FACE_OUTER_BOUND('',#246,.T.);
#150=FACE_OUTER_BOUND('',#247,.T.);
#151=FACE_OUTER_BOUND('',#248,.T.);
#152=FACE_OUTER_BOUND('',#249,.T.);
#153=FACE_OUTER_BOUND('',#260,.T.);
#154=FACE_OUTER_BOUND('',#261,.T.);
#155=FACE_OUTER_BOUND('',#262,.T.);
#156=FACE_OUTER_BOUND('',#263,.T.);
#157=FACE_OUTER_BOUND('',#264,.T.);
#158=FACE_OUTER_BOUND('',#265,.T.);
#159=FACE_OUTER_BOUND('',#266,.T.);
#160=FACE_OUTER_BOUND('',#267,.T.);
#161=FACE_OUTER_BOUND('',#268,.T.);
#162=FACE_OUTER_BOUND('',#269,.T.);
#163=FACE_OUTER_BOUND('',#270,.T.);
#164=FACE_OUTER_BOUND('',#271,.T.);
#165=FACE_OUTER_BOUND('',#272,.T.);
#166=FACE_OUTER_BOUND('',#273,.T.);
#167=FACE_OUTER_BOUND('',#274,.T.);
#168=FACE_OUTER_BOUND('',#275,.T.);
#169=FACE_OUTER_BOUND('',#276,.T.);
#170=FACE_OUTER_BOUND('',#277,.T.);
#171=FACE_OUTER_BOUND('',#278,.T.);
#172=FACE_OUTER_BOUND('',#279,.T.);
#173=FACE_OUTER_BOUND('',#280,.T.);
#174=FACE_OUTER_BOUND('',#281,.T.);
#175=FACE_OUTER_BOUND('',#282,.T.);
#176=EDGE_LOOP('',(#1094,#1095,#1096,#1097));
#177=EDGE_LOOP('',(#1098,#1099,#1100,#1101));
#178=EDGE_LOOP('',(#1102,#1103,#1104,#1105));
#179=EDGE_LOOP('',(#1106,#1107,#1108,#1109));
#180=EDGE_LOOP('',(#1110,#1111,#1112,#1113));
#181=EDGE_LOOP('',(#1114,#1115,#1116,#1117));
#182=EDGE_LOOP('',(#1118,#1119,#1120,#1121,#1122,#1123));
#183=EDGE_LOOP('',(#1124,#1125,#1126,#1127));
#184=EDGE_LOOP('',(#1128,#1129,#1130,#1131));
#185=EDGE_LOOP('',(#1132,#1133,#1134,#1135));
#186=EDGE_LOOP('',(#1136,#1137,#1138,#1139));
#187=EDGE_LOOP('',(#1140,#1141,#1142,#1143));
#188=EDGE_LOOP('',(#1144,#1145,#1146,#1147));
#189=EDGE_LOOP('',(#1148,#1149,#1150,#1151,#1152,#1153));
#190=EDGE_LOOP('',(#1154,#1155,#1156,#1157));
#191=EDGE_LOOP('',(#1158,#1159,#1160,#1161));
#192=EDGE_LOOP('',(#1162,#1163,#1164,#1165));
#193=EDGE_LOOP('',(#1166,#1167,#1168,#1169));
#194=EDGE_LOOP('',(#1170,#1171,#1172,#1173));
#195=EDGE_LOOP('',(#1174,#1175,#1176,#1177));
#196=EDGE_LOOP('',(#1178,#1179,#1180,#1181,#1182,#1183));
#197=EDGE_LOOP('',(#1184,#1185,#1186,#1187));
#198=EDGE_LOOP('',(#1188));
#199=EDGE_LOOP('',(#1189,#1190,#1191,#1192));
#200=EDGE_LOOP('',(#1193,#1194,#1195,#1196));
#201=EDGE_LOOP('',(#1197,#1198,#1199,#1200));
#202=EDGE_LOOP('',(#1201,#1202,#1203,#1204));
#203=EDGE_LOOP('',(#1205,#1206,#1207,#1208));
#204=EDGE_LOOP('',(#1209,#1210,#1211,#1212));
#205=EDGE_LOOP('',(#1213,#1214,#1215,#1216,#1217,#1218));
#206=EDGE_LOOP('',(#1219,#1220,#1221,#1222));
#207=EDGE_LOOP('',(#1223,#1224,#1225,#1226));
#208=EDGE_LOOP('',(#1227,#1228,#1229,#1230));
#209=EDGE_LOOP('',(#1231,#1232,#1233,#1234));
#210=EDGE_LOOP('',(#1235,#1236,#1237,#1238));
#211=EDGE_LOOP('',(#1239,#1240,#1241,#1242));
#212=EDGE_LOOP('',(#1243,#1244,#1245,#1246,#1247,#1248));
#213=EDGE_LOOP('',(#1249,#1250,#1251,#1252));
#214=EDGE_LOOP('',(#1253,#1254,#1255,#1256));
#215=EDGE_LOOP('',(#1257,#1258,#1259,#1260));
#216=EDGE_LOOP('',(#1261,#1262,#1263,#1264));
#217=EDGE_LOOP('',(#1265,#1266,#1267,#1268));
#218=EDGE_LOOP('',(#1269,#1270,#1271,#1272));
#219=EDGE_LOOP('',(#1273,#1274,#1275,#1276,#1277,#1278));
#220=EDGE_LOOP('',(#1279,#1280,#1281,#1282));
#221=EDGE_LOOP('',(#1283,#1284,#1285,#1286));
#222=EDGE_LOOP('',(#1287,#1288,#1289,#1290));
#223=EDGE_LOOP('',(#1291,#1292,#1293,#1294));
#224=EDGE_LOOP('',(#1295,#1296,#1297,#1298));
#225=EDGE_LOOP('',(#1299,#1300,#1301,#1302));
#226=EDGE_LOOP('',(#1303,#1304,#1305,#1306,#1307,#1308));
#227=EDGE_LOOP('',(#1309,#1310,#1311,#1312));
#228=EDGE_LOOP('',(#1313));
#229=EDGE_LOOP('',(#1314,#1315,#1316,#1317));
#230=EDGE_LOOP('',(#1318));
#231=EDGE_LOOP('',(#1319,#1320,#1321,#1322));
#232=EDGE_LOOP('',(#1323));
#233=EDGE_LOOP('',(#1324,#1325,#1326,#1327));
#234=EDGE_LOOP('',(#1328));
#235=EDGE_LOOP('',(#1329,#1330,#1331,#1332));
#236=EDGE_LOOP('',(#1333));
#237=EDGE_LOOP('',(#1334,#1335,#1336,#1337));
#238=EDGE_LOOP('',(#1338));
#239=EDGE_LOOP('',(#1339,#1340,#1341,#1342));
#240=EDGE_LOOP('',(#1343));
#241=EDGE_LOOP('',(#1344,#1345,#1346,#1347));
#242=EDGE_LOOP('',(#1348));
#243=EDGE_LOOP('',(#1349,#1350,#1351,#1352));
#244=EDGE_LOOP('',(#1353));
#245=EDGE_LOOP('',(#1354,#1355,#1356,#1357));
#246=EDGE_LOOP('',(#1358));
#247=EDGE_LOOP('',(#1359,#1360,#1361,#1362));
#248=EDGE_LOOP('',(#1363,#1364,#1365,#1366));
#249=EDGE_LOOP('',(#1367,#1368,#1369,#1370,#1371,#1372,#1373,#1374,#1375,
#1376,#1377,#1378,#1379,#1380,#1381,#1382,#1383,#1384,#1385,#1386));
#250=EDGE_LOOP('',(#1387));
#251=EDGE_LOOP('',(#1388));
#252=EDGE_LOOP('',(#1389));
#253=EDGE_LOOP('',(#1390));
#254=EDGE_LOOP('',(#1391));
#255=EDGE_LOOP('',(#1392));
#256=EDGE_LOOP('',(#1393));
#257=EDGE_LOOP('',(#1394));
#258=EDGE_LOOP('',(#1395));
#259=EDGE_LOOP('',(#1396));
#260=EDGE_LOOP('',(#1397,#1398,#1399,#1400));
#261=EDGE_LOOP('',(#1401,#1402,#1403,#1404));
#262=EDGE_LOOP('',(#1405,#1406,#1407,#1408,#1409,#1410));
#263=EDGE_LOOP('',(#1411,#1412,#1413,#1414));
#264=EDGE_LOOP('',(#1415,#1416,#1417,#1418));
#265=EDGE_LOOP('',(#1419,#1420,#1421,#1422));
#266=EDGE_LOOP('',(#1423,#1424,#1425,#1426));
#267=EDGE_LOOP('',(#1427,#1428,#1429,#1430,#1431,#1432));
#268=EDGE_LOOP('',(#1433,#1434,#1435,#1436));
#269=EDGE_LOOP('',(#1437,#1438,#1439,#1440));
#270=EDGE_LOOP('',(#1441,#1442,#1443,#1444));
#271=EDGE_LOOP('',(#1445,#1446,#1447,#1448));
#272=EDGE_LOOP('',(#1449,#1450,#1451,#1452,#1453,#1454));
#273=EDGE_LOOP('',(#1455,#1456,#1457,#1458));
#274=EDGE_LOOP('',(#1459,#1460,#1461,#1462));
#275=EDGE_LOOP('',(#1463,#1464,#1465,#1466));
#276=EDGE_LOOP('',(#1467,#1468,#1469,#1470));
#277=EDGE_LOOP('',(#1471,#1472,#1473,#1474,#1475,#1476));
#278=EDGE_LOOP('',(#1477,#1478,#1479,#1480,#1481,#1482,#1483,#1484));
#279=EDGE_LOOP('',(#1485,#1486,#1487,#1488,#1489,#1490,#1491,#1492));
#280=EDGE_LOOP('',(#1493,#1494,#1495,#1496,#1497,#1498,#1499,#1500));
#281=EDGE_LOOP('',(#1501,#1502,#1503,#1504,#1505,#1506,#1507,#1508));
#282=EDGE_LOOP('',(#1509,#1510,#1511,#1512));
#283=EDGE_LOOP('',(#1513,#1514,#1515,#1516,#1517,#1518));
#284=EDGE_LOOP('',(#1519,#1520,#1521,#1522,#1523,#1524));
#285=EDGE_LOOP('',(#1525,#1526,#1527,#1528,#1529,#1530));
#286=EDGE_LOOP('',(#1531));
#287=EDGE_LOOP('',(#1532,#1533,#1534,#1535,#1536,#1537));
#288=EDGE_LOOP('',(#1538,#1539,#1540,#1541,#1542,#1543));
#289=EDGE_LOOP('',(#1544,#1545,#1546,#1547,#1548,#1549));
#290=EDGE_LOOP('',(#1550,#1551,#1552,#1553,#1554,#1555));
#291=LINE('',#2325,#500);
#292=LINE('',#2327,#501);
#293=LINE('',#2329,#502);
#294=LINE('',#2330,#503);
#295=LINE('',#2333,#504);
#296=LINE('',#2335,#505);
#297=LINE('',#2336,#506);
#298=LINE('',#2339,#507);
#299=LINE('',#2341,#508);
#300=LINE('',#2342,#509);
#301=LINE('',#2345,#510);
#302=LINE('',#2347,#511);
#303=LINE('',#2348,#512);
#304=LINE('',#2351,#513);
#305=LINE('',#2353,#514);
#306=LINE('',#2354,#515);
#307=LINE('',#2356,#516);
#308=LINE('',#2357,#517);
#309=LINE('',#2362,#518);
#310=LINE('',#2364,#519);
#311=LINE('',#2366,#520);
#312=LINE('',#2367,#521);
#313=LINE('',#2370,#522);
#314=LINE('',#2372,#523);
#315=LINE('',#2373,#524);
#316=LINE('',#2376,#525);
#317=LINE('',#2378,#526);
#318=LINE('',#2379,#527);
#319=LINE('',#2382,#528);
#320=LINE('',#2384,#529);
#321=LINE('',#2385,#530);
#322=LINE('',#2388,#531);
#323=LINE('',#2390,#532);
#324=LINE('',#2391,#533);
#325=LINE('',#2393,#534);
#326=LINE('',#2394,#535);
#327=LINE('',#2399,#536);
#328=LINE('',#2401,#537);
#329=LINE('',#2403,#538);
#330=LINE('',#2404,#539);
#331=LINE('',#2407,#540);
#332=LINE('',#2409,#541);
#333=LINE('',#2410,#542);
#334=LINE('',#2413,#543);
#335=LINE('',#2415,#544);
#336=LINE('',#2416,#545);
#337=LINE('',#2419,#546);
#338=LINE('',#2421,#547);
#339=LINE('',#2422,#548);
#340=LINE('',#2425,#549);
#341=LINE('',#2427,#550);
#342=LINE('',#2428,#551);
#343=LINE('',#2430,#552);
#344=LINE('',#2431,#553);
#345=LINE('',#2437,#554);
#346=LINE('',#2443,#555);
#347=LINE('',#2445,#556);
#348=LINE('',#2447,#557);
#349=LINE('',#2448,#558);
#350=LINE('',#2451,#559);
#351=LINE('',#2453,#560);
#352=LINE('',#2454,#561);
#353=LINE('',#2457,#562);
#354=LINE('',#2459,#563);
#355=LINE('',#2460,#564);
#356=LINE('',#2463,#565);
#357=LINE('',#2465,#566);
#358=LINE('',#2466,#567);
#359=LINE('',#2469,#568);
#360=LINE('',#2471,#569);
#361=LINE('',#2472,#570);
#362=LINE('',#2474,#571);
#363=LINE('',#2475,#572);
#364=LINE('',#2480,#573);
#365=LINE('',#2482,#574);
#366=LINE('',#2484,#575);
#367=LINE('',#2485,#576);
#368=LINE('',#2488,#577);
#369=LINE('',#2490,#578);
#370=LINE('',#2491,#579);
#371=LINE('',#2494,#580);
#372=LINE('',#2496,#581);
#373=LINE('',#2497,#582);
#374=LINE('',#2500,#583);
#375=LINE('',#2502,#584);
#376=LINE('',#2503,#585);
#377=LINE('',#2506,#586);
#378=LINE('',#2508,#587);
#379=LINE('',#2509,#588);
#380=LINE('',#2511,#589);
#381=LINE('',#2512,#590);
#382=LINE('',#2517,#591);
#383=LINE('',#2519,#592);
#384=LINE('',#2521,#593);
#385=LINE('',#2522,#594);
#386=LINE('',#2525,#595);
#387=LINE('',#2527,#596);
#388=LINE('',#2528,#597);
#389=LINE('',#2531,#598);
#390=LINE('',#2533,#599);
#391=LINE('',#2534,#600);
#392=LINE('',#2537,#601);
#393=LINE('',#2539,#602);
#394=LINE('',#2540,#603);
#395=LINE('',#2543,#604);
#396=LINE('',#2545,#605);
#397=LINE('',#2546,#606);
#398=LINE('',#2548,#607);
#399=LINE('',#2549,#608);
#400=LINE('',#2554,#609);
#401=LINE('',#2556,#610);
#402=LINE('',#2558,#611);
#403=LINE('',#2559,#612);
#404=LINE('',#2562,#613);
#405=LINE('',#2564,#614);
#406=LINE('',#2565,#615);
#407=LINE('',#2568,#616);
#408=LINE('',#2570,#617);
#409=LINE('',#2571,#618);
#410=LINE('',#2574,#619);
#411=LINE('',#2576,#620);
#412=LINE('',#2577,#621);
#413=LINE('',#2580,#622);
#414=LINE('',#2582,#623);
#415=LINE('',#2583,#624);
#416=LINE('',#2585,#625);
#417=LINE('',#2586,#626);
#418=LINE('',#2592,#627);
#419=LINE('',#2599,#628);
#420=LINE('',#2606,#629);
#421=LINE('',#2613,#630);
#422=LINE('',#2620,#631);
#423=LINE('',#2627,#632);
#424=LINE('',#2634,#633);
#425=LINE('',#2641,#634);
#426=LINE('',#2648,#635);
#427=LINE('',#2655,#636);
#428=LINE('',#2661,#637);
#429=LINE('',#2663,#638);
#430=LINE('',#2665,#639);
#431=LINE('',#2666,#640);
#432=LINE('',#2670,#641);
#433=LINE('',#2672,#642);
#434=LINE('',#2674,#643);
#435=LINE('',#2675,#644);
#436=LINE('',#2678,#645);
#437=LINE('',#2680,#646);
#438=LINE('',#2682,#647);
#439=LINE('',#2684,#648);
#440=LINE('',#2686,#649);
#441=LINE('',#2688,#650);
#442=LINE('',#2690,#651);
#443=LINE('',#2692,#652);
#444=LINE('',#2694,#653);
#445=LINE('',#2696,#654);
#446=LINE('',#2698,#655);
#447=LINE('',#2700,#656);
#448=LINE('',#2702,#657);
#449=LINE('',#2704,#658);
#450=LINE('',#2706,#659);
#451=LINE('',#2707,#660);
#452=LINE('',#2709,#661);
#453=LINE('',#2710,#662);
#454=LINE('',#2713,#663);
#455=LINE('',#2714,#664);
#456=LINE('',#2716,#665);
#457=LINE('',#2719,#666);
#458=LINE('',#2720,#667);
#459=LINE('',#2723,#668);
#460=LINE('',#2725,#669);
#461=LINE('',#2726,#670);
#462=LINE('',#2729,#671);
#463=LINE('',#2731,#672);
#464=LINE('',#2732,#673);
#465=LINE('',#2735,#674);
#466=LINE('',#2736,#675);
#467=LINE('',#2738,#676);
#468=LINE('',#2741,#677);
#469=LINE('',#2742,#678);
#470=LINE('',#2745,#679);
#471=LINE('',#2747,#680);
#472=LINE('',#2748,#681);
#473=LINE('',#2751,#682);
#474=LINE('',#2753,#683);
#475=LINE('',#2754,#684);
#476=LINE('',#2757,#685);
#477=LINE('',#2758,#686);
#478=LINE('',#2760,#687);
#479=LINE('',#2763,#688);
#480=LINE('',#2764,#689);
#481=LINE('',#2767,#690);
#482=LINE('',#2769,#691);
#483=LINE('',#2770,#692);
#484=LINE('',#2773,#693);
#485=LINE('',#2775,#694);
#486=LINE('',#2776,#695);
#487=LINE('',#2779,#696);
#488=LINE('',#2780,#697);
#489=LINE('',#2782,#698);
#490=LINE('',#2785,#699);
#491=LINE('',#2786,#700);
#492=LINE('',#2789,#701);
#493=LINE('',#2791,#702);
#494=LINE('',#2792,#703);
#495=LINE('',#2795,#704);
#496=LINE('',#2796,#705);
#497=LINE('',#2799,#706);
#498=LINE('',#2800,#707);
#499=LINE('',#2802,#708);
#500=VECTOR('',#1876,10.);
#501=VECTOR('',#1877,10.);
#502=VECTOR('',#1878,10.);
#503=VECTOR('',#1879,10.);
#504=VECTOR('',#1882,10.);
#505=VECTOR('',#1883,10.);
#506=VECTOR('',#1884,10.);
#507=VECTOR('',#1887,10.);
#508=VECTOR('',#1888,10.);
#509=VECTOR('',#1889,10.);
#510=VECTOR('',#1892,10.);
#511=VECTOR('',#1893,10.);
#512=VECTOR('',#1894,10.);
#513=VECTOR('',#1897,10.);
#514=VECTOR('',#1898,10.);
#515=VECTOR('',#1899,10.);
#516=VECTOR('',#1902,10.);
#517=VECTOR('',#1903,10.);
#518=VECTOR('',#1908,10.);
#519=VECTOR('',#1909,10.);
#520=VECTOR('',#1910,10.);
#521=VECTOR('',#1911,10.);
#522=VECTOR('',#1914,10.);
#523=VECTOR('',#1915,10.);
#524=VECTOR('',#1916,10.);
#525=VECTOR('',#1919,10.);
#526=VECTOR('',#1920,10.);
#527=VECTOR('',#1921,10.);
#528=VECTOR('',#1924,10.);
#529=VECTOR('',#1925,10.);
#530=VECTOR('',#1926,10.);
#531=VECTOR('',#1929,10.);
#532=VECTOR('',#1930,10.);
#533=VECTOR('',#1931,10.);
#534=VECTOR('',#1934,10.);
#535=VECTOR('',#1935,10.);
#536=VECTOR('',#1940,10.);
#537=VECTOR('',#1941,10.);
#538=VECTOR('',#1942,10.);
#539=VECTOR('',#1943,10.);
#540=VECTOR('',#1946,10.);
#541=VECTOR('',#1947,10.);
#542=VECTOR('',#1948,10.);
#543=VECTOR('',#1951,10.);
#544=VECTOR('',#1952,10.);
#545=VECTOR('',#1953,10.);
#546=VECTOR('',#1956,10.);
#547=VECTOR('',#1957,10.);
#548=VECTOR('',#1958,10.);
#549=VECTOR('',#1961,10.);
#550=VECTOR('',#1962,10.);
#551=VECTOR('',#1963,10.);
#552=VECTOR('',#1966,10.);
#553=VECTOR('',#1967,10.);
#554=VECTOR('',#1974,1.5);
#555=VECTOR('',#1981,10.);
#556=VECTOR('',#1982,10.);
#557=VECTOR('',#1983,10.);
#558=VECTOR('',#1984,10.);
#559=VECTOR('',#1987,10.);
#560=VECTOR('',#1988,10.);
#561=VECTOR('',#1989,10.);
#562=VECTOR('',#1992,10.);
#563=VECTOR('',#1993,10.);
#564=VECTOR('',#1994,10.);
#565=VECTOR('',#1997,10.);
#566=VECTOR('',#1998,10.);
#567=VECTOR('',#1999,10.);
#568=VECTOR('',#2002,10.);
#569=VECTOR('',#2003,10.);
#570=VECTOR('',#2004,10.);
#571=VECTOR('',#2007,10.);
#572=VECTOR('',#2008,10.);
#573=VECTOR('',#2013,10.);
#574=VECTOR('',#2014,10.);
#575=VECTOR('',#2015,10.);
#576=VECTOR('',#2016,10.);
#577=VECTOR('',#2019,10.);
#578=VECTOR('',#2020,10.);
#579=VECTOR('',#2021,10.);
#580=VECTOR('',#2024,10.);
#581=VECTOR('',#2025,10.);
#582=VECTOR('',#2026,10.);
#583=VECTOR('',#2029,10.);
#584=VECTOR('',#2030,10.);
#585=VECTOR('',#2031,10.);
#586=VECTOR('',#2034,10.);
#587=VECTOR('',#2035,10.);
#588=VECTOR('',#2036,10.);
#589=VECTOR('',#2039,10.);
#590=VECTOR('',#2040,10.);
#591=VECTOR('',#2045,10.);
#592=VECTOR('',#2046,10.);
#593=VECTOR('',#2047,10.);
#594=VECTOR('',#2048,10.);
#595=VECTOR('',#2051,10.);
#596=VECTOR('',#2052,10.);
#597=VECTOR('',#2053,10.);
#598=VECTOR('',#2056,10.);
#599=VECTOR('',#2057,10.);
#600=VECTOR('',#2058,10.);
#601=VECTOR('',#2061,10.);
#602=VECTOR('',#2062,10.);
#603=VECTOR('',#2063,10.);
#604=VECTOR('',#2066,10.);
#605=VECTOR('',#2067,10.);
#606=VECTOR('',#2068,10.);
#607=VECTOR('',#2071,10.);
#608=VECTOR('',#2072,10.);
#609=VECTOR('',#2077,10.);
#610=VECTOR('',#2078,10.);
#611=VECTOR('',#2079,10.);
#612=VECTOR('',#2080,10.);
#613=VECTOR('',#2083,10.);
#614=VECTOR('',#2084,10.);
#615=VECTOR('',#2085,10.);
#616=VECTOR('',#2088,10.);
#617=VECTOR('',#2089,10.);
#618=VECTOR('',#2090,10.);
#619=VECTOR('',#2093,10.);
#620=VECTOR('',#2094,10.);
#621=VECTOR('',#2095,10.);
#622=VECTOR('',#2098,10.);
#623=VECTOR('',#2099,10.);
#624=VECTOR('',#2100,10.);
#625=VECTOR('',#2103,10.);
#626=VECTOR('',#2104,10.);
#627=VECTOR('',#2111,0.25);
#628=VECTOR('',#2120,0.25);
#629=VECTOR('',#2129,0.25);
#630=VECTOR('',#2138,0.25);
#631=VECTOR('',#2147,0.25);
#632=VECTOR('',#2156,0.25);
#633=VECTOR('',#2165,0.25);
#634=VECTOR('',#2174,0.25);
#635=VECTOR('',#2183,0.25);
#636=VECTOR('',#2192,0.25);
#637=VECTOR('',#2199,10.);
#638=VECTOR('',#2200,10.);
#639=VECTOR('',#2201,10.);
#640=VECTOR('',#2202,10.);
#641=VECTOR('',#2205,10.);
#642=VECTOR('',#2206,10.);
#643=VECTOR('',#2207,10.);
#644=VECTOR('',#2208,10.);
#645=VECTOR('',#2211,10.);
#646=VECTOR('',#2212,10.);
#647=VECTOR('',#2213,10.);
#648=VECTOR('',#2214,10.);
#649=VECTOR('',#2215,10.);
#650=VECTOR('',#2216,10.);
#651=VECTOR('',#2217,10.);
#652=VECTOR('',#2218,10.);
#653=VECTOR('',#2219,10.);
#654=VECTOR('',#2220,10.);
#655=VECTOR('',#2221,10.);
#656=VECTOR('',#2222,10.);
#657=VECTOR('',#2223,10.);
#658=VECTOR('',#2224,10.);
#659=VECTOR('',#2225,10.);
#660=VECTOR('',#2226,10.);
#661=VECTOR('',#2227,10.);
#662=VECTOR('',#2228,10.);
#663=VECTOR('',#2231,10.);
#664=VECTOR('',#2232,10.);
#665=VECTOR('',#2235,10.);
#666=VECTOR('',#2238,10.);
#667=VECTOR('',#2239,10.);
#668=VECTOR('',#2242,10.);
#669=VECTOR('',#2243,10.);
#670=VECTOR('',#2244,10.);
#671=VECTOR('',#2247,10.);
#672=VECTOR('',#2248,10.);
#673=VECTOR('',#2249,10.);
#674=VECTOR('',#2252,10.);
#675=VECTOR('',#2253,10.);
#676=VECTOR('',#2256,10.);
#677=VECTOR('',#2259,10.);
#678=VECTOR('',#2260,10.);
#679=VECTOR('',#2263,10.);
#680=VECTOR('',#2264,10.);
#681=VECTOR('',#2265,10.);
#682=VECTOR('',#2268,10.);
#683=VECTOR('',#2269,10.);
#684=VECTOR('',#2270,10.);
#685=VECTOR('',#2273,10.);
#686=VECTOR('',#2274,10.);
#687=VECTOR('',#2277,10.);
#688=VECTOR('',#2280,10.);
#689=VECTOR('',#2281,10.);
#690=VECTOR('',#2284,10.);
#691=VECTOR('',#2285,10.);
#692=VECTOR('',#2286,10.);
#693=VECTOR('',#2289,10.);
#694=VECTOR('',#2290,10.);
#695=VECTOR('',#2291,10.);
#696=VECTOR('',#2294,10.);
#697=VECTOR('',#2295,10.);
#698=VECTOR('',#2298,10.);
#699=VECTOR('',#2301,10.);
#700=VECTOR('',#2302,10.);
#701=VECTOR('',#2305,10.);
#702=VECTOR('',#2306,10.);
#703=VECTOR('',#2307,10.);
#704=VECTOR('',#2310,10.);
#705=VECTOR('',#2311,10.);
#706=VECTOR('',#2314,10.);
#707=VECTOR('',#2315,10.);
#708=VECTOR('',#2318,10.);
#709=VERTEX_POINT('',#2323);
#710=VERTEX_POINT('',#2324);
#711=VERTEX_POINT('',#2326);
#712=VERTEX_POINT('',#2328);
#713=VERTEX_POINT('',#2332);
#714=VERTEX_POINT('',#2334);
#715=VERTEX_POINT('',#2338);
#716=VERTEX_POINT('',#2340);
#717=VERTEX_POINT('',#2344);
#718=VERTEX_POINT('',#2346);
#719=VERTEX_POINT('',#2350);
#720=VERTEX_POINT('',#2352);
#721=VERTEX_POINT('',#2360);
#722=VERTEX_POINT('',#2361);
#723=VERTEX_POINT('',#2363);
#724=VERTEX_POINT('',#2365);
#725=VERTEX_POINT('',#2369);
#726=VERTEX_POINT('',#2371);
#727=VERTEX_POINT('',#2375);
#728=VERTEX_POINT('',#2377);
#729=VERTEX_POINT('',#2381);
#730=VERTEX_POINT('',#2383);
#731=VERTEX_POINT('',#2387);
#732=VERTEX_POINT('',#2389);
#733=VERTEX_POINT('',#2397);
#734=VERTEX_POINT('',#2398);
#735=VERTEX_POINT('',#2400);
#736=VERTEX_POINT('',#2402);
#737=VERTEX_POINT('',#2406);
#738=VERTEX_POINT('',#2408);
#739=VERTEX_POINT('',#2412);
#740=VERTEX_POINT('',#2414);
#741=VERTEX_POINT('',#2418);
#742=VERTEX_POINT('',#2420);
#743=VERTEX_POINT('',#2424);
#744=VERTEX_POINT('',#2426);
#745=VERTEX_POINT('',#2434);
#746=VERTEX_POINT('',#2436);
#747=VERTEX_POINT('',#2441);
#748=VERTEX_POINT('',#2442);
#749=VERTEX_POINT('',#2444);
#750=VERTEX_POINT('',#2446);
#751=VERTEX_POINT('',#2450);
#752=VERTEX_POINT('',#2452);
#753=VERTEX_POINT('',#2456);
#754=VERTEX_POINT('',#2458);
#755=VERTEX_POINT('',#2462);
#756=VERTEX_POINT('',#2464);
#757=VERTEX_POINT('',#2468);
#758=VERTEX_POINT('',#2470);
#759=VERTEX_POINT('',#2478);
#760=VERTEX_POINT('',#2479);
#761=VERTEX_POINT('',#2481);
#762=VERTEX_POINT('',#2483);
#763=VERTEX_POINT('',#2487);
#764=VERTEX_POINT('',#2489);
#765=VERTEX_POINT('',#2493);
#766=VERTEX_POINT('',#2495);
#767=VERTEX_POINT('',#2499);
#768=VERTEX_POINT('',#2501);
#769=VERTEX_POINT('',#2505);
#770=VERTEX_POINT('',#2507);
#771=VERTEX_POINT('',#2515);
#772=VERTEX_POINT('',#2516);
#773=VERTEX_POINT('',#2518);
#774=VERTEX_POINT('',#2520);
#775=VERTEX_POINT('',#2524);
#776=VERTEX_POINT('',#2526);
#777=VERTEX_POINT('',#2530);
#778=VERTEX_POINT('',#2532);
#779=VERTEX_POINT('',#2536);
#780=VERTEX_POINT('',#2538);
#781=VERTEX_POINT('',#2542);
#782=VERTEX_POINT('',#2544);
#783=VERTEX_POINT('',#2552);
#784=VERTEX_POINT('',#2553);
#785=VERTEX_POINT('',#2555);
#786=VERTEX_POINT('',#2557);
#787=VERTEX_POINT('',#2561);
#788=VERTEX_POINT('',#2563);
#789=VERTEX_POINT('',#2567);
#790=VERTEX_POINT('',#2569);
#791=VERTEX_POINT('',#2573);
#792=VERTEX_POINT('',#2575);
#793=VERTEX_POINT('',#2579);
#794=VERTEX_POINT('',#2581);
#795=VERTEX_POINT('',#2589);
#796=VERTEX_POINT('',#2591);
#797=VERTEX_POINT('',#2596);
#798=VERTEX_POINT('',#2598);
#799=VERTEX_POINT('',#2603);
#800=VERTEX_POINT('',#2605);
#801=VERTEX_POINT('',#2610);
#802=VERTEX_POINT('',#2612);
#803=VERTEX_POINT('',#2617);
#804=VERTEX_POINT('',#2619);
#805=VERTEX_POINT('',#2624);
#806=VERTEX_POINT('',#2626);
#807=VERTEX_POINT('',#2631);
#808=VERTEX_POINT('',#2633);
#809=VERTEX_POINT('',#2638);
#810=VERTEX_POINT('',#2640);
#811=VERTEX_POINT('',#2645);
#812=VERTEX_POINT('',#2647);
#813=VERTEX_POINT('',#2652);
#814=VERTEX_POINT('',#2654);
#815=VERTEX_POINT('',#2659);
#816=VERTEX_POINT('',#2660);
#817=VERTEX_POINT('',#2662);
#818=VERTEX_POINT('',#2664);
#819=VERTEX_POINT('',#2668);
#820=VERTEX_POINT('',#2669);
#821=VERTEX_POINT('',#2671);
#822=VERTEX_POINT('',#2673);
#823=VERTEX_POINT('',#2677);
#824=VERTEX_POINT('',#2679);
#825=VERTEX_POINT('',#2681);
#826=VERTEX_POINT('',#2683);
#827=VERTEX_POINT('',#2685);
#828=VERTEX_POINT('',#2687);
#829=VERTEX_POINT('',#2689);
#830=VERTEX_POINT('',#2691);
#831=VERTEX_POINT('',#2693);
#832=VERTEX_POINT('',#2695);
#833=VERTEX_POINT('',#2697);
#834=VERTEX_POINT('',#2699);
#835=VERTEX_POINT('',#2701);
#836=VERTEX_POINT('',#2703);
#837=VERTEX_POINT('',#2705);
#838=VERTEX_POINT('',#2708);
#839=VERTEX_POINT('',#2712);
#840=VERTEX_POINT('',#2718);
#841=VERTEX_POINT('',#2722);
#842=VERTEX_POINT('',#2724);
#843=VERTEX_POINT('',#2728);
#844=VERTEX_POINT('',#2730);
#845=VERTEX_POINT('',#2734);
#846=VERTEX_POINT('',#2740);
#847=VERTEX_POINT('',#2744);
#848=VERTEX_POINT('',#2746);
#849=VERTEX_POINT('',#2750);
#850=VERTEX_POINT('',#2752);
#851=VERTEX_POINT('',#2756);
#852=VERTEX_POINT('',#2762);
#853=VERTEX_POINT('',#2766);
#854=VERTEX_POINT('',#2768);
#855=VERTEX_POINT('',#2772);
#856=VERTEX_POINT('',#2774);
#857=VERTEX_POINT('',#2778);
#858=VERTEX_POINT('',#2784);
#859=VERTEX_POINT('',#2788);
#860=VERTEX_POINT('',#2790);
#861=VERTEX_POINT('',#2794);
#862=VERTEX_POINT('',#2798);
#863=EDGE_CURVE('',#709,#710,#291,.T.);
#864=EDGE_CURVE('',#709,#711,#292,.T.);
#865=EDGE_CURVE('',#711,#712,#293,.T.);
#866=EDGE_CURVE('',#710,#712,#294,.T.);
#867=EDGE_CURVE('',#713,#709,#295,.T.);
#868=EDGE_CURVE('',#713,#714,#296,.T.);
#869=EDGE_CURVE('',#714,#711,#297,.T.);
#870=EDGE_CURVE('',#715,#713,#298,.T.);
#871=EDGE_CURVE('',#715,#716,#299,.T.);
#872=EDGE_CURVE('',#716,#714,#300,.T.);
#873=EDGE_CURVE('',#717,#715,#301,.T.);
#874=EDGE_CURVE('',#717,#718,#302,.T.);
#875=EDGE_CURVE('',#718,#716,#303,.T.);
#876=EDGE_CURVE('',#719,#717,#304,.T.);
#877=EDGE_CURVE('',#719,#720,#305,.T.);
#878=EDGE_CURVE('',#720,#718,#306,.T.);
#879=EDGE_CURVE('',#710,#719,#307,.T.);
#880=EDGE_CURVE('',#712,#720,#308,.T.);
#881=EDGE_CURVE('',#721,#722,#309,.T.);
#882=EDGE_CURVE('',#721,#723,#310,.T.);
#883=EDGE_CURVE('',#723,#724,#311,.T.);
#884=EDGE_CURVE('',#722,#724,#312,.T.);
#885=EDGE_CURVE('',#725,#721,#313,.T.);
#886=EDGE_CURVE('',#725,#726,#314,.T.);
#887=EDGE_CURVE('',#726,#723,#315,.T.);
#888=EDGE_CURVE('',#727,#725,#316,.T.);
#889=EDGE_CURVE('',#727,#728,#317,.T.);
#890=EDGE_CURVE('',#728,#726,#318,.T.);
#891=EDGE_CURVE('',#729,#727,#319,.T.);
#892=EDGE_CURVE('',#729,#730,#320,.T.);
#893=EDGE_CURVE('',#730,#728,#321,.T.);
#894=EDGE_CURVE('',#731,#729,#322,.T.);
#895=EDGE_CURVE('',#731,#732,#323,.T.);
#896=EDGE_CURVE('',#732,#730,#324,.T.);
#897=EDGE_CURVE('',#722,#731,#325,.T.);
#898=EDGE_CURVE('',#724,#732,#326,.T.);
#899=EDGE_CURVE('',#733,#734,#327,.T.);
#900=EDGE_CURVE('',#733,#735,#328,.T.);
#901=EDGE_CURVE('',#735,#736,#329,.T.);
#902=EDGE_CURVE('',#734,#736,#330,.T.);
#903=EDGE_CURVE('',#737,#733,#331,.T.);
#904=EDGE_CURVE('',#737,#738,#332,.T.);
#905=EDGE_CURVE('',#738,#735,#333,.T.);
#906=EDGE_CURVE('',#739,#737,#334,.T.);
#907=EDGE_CURVE('',#739,#740,#335,.T.);
#908=EDGE_CURVE('',#740,#738,#336,.T.);
#909=EDGE_CURVE('',#741,#739,#337,.T.);
#910=EDGE_CURVE('',#741,#742,#338,.T.);
#911=EDGE_CURVE('',#742,#740,#339,.T.);
#912=EDGE_CURVE('',#743,#741,#340,.T.);
#913=EDGE_CURVE('',#743,#744,#341,.T.);
#914=EDGE_CURVE('',#744,#742,#342,.T.);
#915=EDGE_CURVE('',#734,#743,#343,.T.);
#916=EDGE_CURVE('',#736,#744,#344,.T.);
#917=EDGE_CURVE('',#745,#745,#32,.T.);
#918=EDGE_CURVE('',#745,#746,#345,.T.);
#919=EDGE_CURVE('',#746,#746,#33,.T.);
#920=EDGE_CURVE('',#747,#748,#346,.T.);
#921=EDGE_CURVE('',#747,#749,#347,.T.);
#922=EDGE_CURVE('',#749,#750,#348,.T.);
#923=EDGE_CURVE('',#748,#750,#349,.T.);
#924=EDGE_CURVE('',#751,#747,#350,.T.);
#925=EDGE_CURVE('',#751,#752,#351,.T.);
#926=EDGE_CURVE('',#752,#749,#352,.T.);
#927=EDGE_CURVE('',#753,#751,#353,.T.);
#928=EDGE_CURVE('',#753,#754,#354,.T.);
#929=EDGE_CURVE('',#754,#752,#355,.T.);
#930=EDGE_CURVE('',#755,#753,#356,.T.);
#931=EDGE_CURVE('',#755,#756,#357,.T.);
#932=EDGE_CURVE('',#756,#754,#358,.T.);
#933=EDGE_CURVE('',#757,#755,#359,.T.);
#934=EDGE_CURVE('',#757,#758,#360,.T.);
#935=EDGE_CURVE('',#758,#756,#361,.T.);
#936=EDGE_CURVE('',#748,#757,#362,.T.);
#937=EDGE_CURVE('',#750,#758,#363,.T.);
#938=EDGE_CURVE('',#759,#760,#364,.T.);
#939=EDGE_CURVE('',#759,#761,#365,.T.);
#940=EDGE_CURVE('',#761,#762,#366,.T.);
#941=EDGE_CURVE('',#760,#762,#367,.T.);
#942=EDGE_CURVE('',#763,#759,#368,.T.);
#943=EDGE_CURVE('',#763,#764,#369,.T.);
#944=EDGE_CURVE('',#764,#761,#370,.T.);
#945=EDGE_CURVE('',#765,#763,#371,.T.);
#946=EDGE_CURVE('',#765,#766,#372,.T.);
#947=EDGE_CURVE('',#766,#764,#373,.T.);
#948=EDGE_CURVE('',#767,#765,#374,.T.);
#949=EDGE_CURVE('',#767,#768,#375,.T.);
#950=EDGE_CURVE('',#768,#766,#376,.T.);
#951=EDGE_CURVE('',#769,#767,#377,.T.);
#952=EDGE_CURVE('',#769,#770,#378,.T.);
#953=EDGE_CURVE('',#770,#768,#379,.T.);
#954=EDGE_CURVE('',#760,#769,#380,.T.);
#955=EDGE_CURVE('',#762,#770,#381,.T.);
#956=EDGE_CURVE('',#771,#772,#382,.T.);
#957=EDGE_CURVE('',#771,#773,#383,.T.);
#958=EDGE_CURVE('',#773,#774,#384,.T.);
#959=EDGE_CURVE('',#772,#774,#385,.T.);
#960=EDGE_CURVE('',#775,#771,#386,.T.);
#961=EDGE_CURVE('',#775,#776,#387,.T.);
#962=EDGE_CURVE('',#776,#773,#388,.T.);
#963=EDGE_CURVE('',#777,#775,#389,.T.);
#964=EDGE_CURVE('',#777,#778,#390,.T.);
#965=EDGE_CURVE('',#778,#776,#391,.T.);
#966=EDGE_CURVE('',#779,#777,#392,.T.);
#967=EDGE_CURVE('',#779,#780,#393,.T.);
#968=EDGE_CURVE('',#780,#778,#394,.T.);
#969=EDGE_CURVE('',#781,#779,#395,.T.);
#970=EDGE_CURVE('',#781,#782,#396,.T.);
#971=EDGE_CURVE('',#782,#780,#397,.T.);
#972=EDGE_CURVE('',#772,#781,#398,.T.);
#973=EDGE_CURVE('',#774,#782,#399,.T.);
#974=EDGE_CURVE('',#783,#784,#400,.T.);
#975=EDGE_CURVE('',#783,#785,#401,.T.);
#976=EDGE_CURVE('',#785,#786,#402,.T.);
#977=EDGE_CURVE('',#784,#786,#403,.T.);
#978=EDGE_CURVE('',#787,#783,#404,.T.);
#979=EDGE_CURVE('',#787,#788,#405,.T.);
#980=EDGE_CURVE('',#788,#785,#406,.T.);
#981=EDGE_CURVE('',#789,#787,#407,.T.);
#982=EDGE_CURVE('',#789,#790,#408,.T.);
#983=EDGE_CURVE('',#790,#788,#409,.T.);
#984=EDGE_CURVE('',#791,#789,#410,.T.);
#985=EDGE_CURVE('',#791,#792,#411,.T.);
#986=EDGE_CURVE('',#792,#790,#412,.T.);
#987=EDGE_CURVE('',#793,#791,#413,.T.);
#988=EDGE_CURVE('',#793,#794,#414,.T.);
#989=EDGE_CURVE('',#794,#792,#415,.T.);
#990=EDGE_CURVE('',#784,#793,#416,.T.);
#991=EDGE_CURVE('',#786,#794,#417,.T.);
#992=EDGE_CURVE('',#795,#795,#34,.T.);
#993=EDGE_CURVE('',#795,#796,#418,.T.);
#994=EDGE_CURVE('',#796,#796,#35,.T.);
#995=EDGE_CURVE('',#797,#797,#36,.T.);
#996=EDGE_CURVE('',#797,#798,#419,.T.);
#997=EDGE_CURVE('',#798,#798,#37,.T.);
#998=EDGE_CURVE('',#799,#799,#38,.T.);
#999=EDGE_CURVE('',#799,#800,#420,.T.);
#1000=EDGE_CURVE('',#800,#800,#39,.T.);
#1001=EDGE_CURVE('',#801,#801,#40,.T.);
#1002=EDGE_CURVE('',#801,#802,#421,.T.);
#1003=EDGE_CURVE('',#802,#802,#41,.T.);
#1004=EDGE_CURVE('',#803,#803,#42,.T.);
#1005=EDGE_CURVE('',#803,#804,#422,.T.);
#1006=EDGE_CURVE('',#804,#804,#43,.T.);
#1007=EDGE_CURVE('',#805,#805,#44,.T.);
#1008=EDGE_CURVE('',#805,#806,#423,.T.);
#1009=EDGE_CURVE('',#806,#806,#45,.T.);
#1010=EDGE_CURVE('',#807,#807,#46,.T.);
#1011=EDGE_CURVE('',#807,#808,#424,.T.);
#1012=EDGE_CURVE('',#808,#808,#47,.T.);
#1013=EDGE_CURVE('',#809,#809,#48,.T.);
#1014=EDGE_CURVE('',#809,#810,#425,.T.);
#1015=EDGE_CURVE('',#810,#810,#49,.T.);
#1016=EDGE_CURVE('',#811,#811,#50,.T.);
#1017=EDGE_CURVE('',#811,#812,#426,.T.);
#1018=EDGE_CURVE('',#812,#812,#51,.T.);
#1019=EDGE_CURVE('',#813,#813,#52,.T.);
#1020=EDGE_CURVE('',#813,#814,#427,.T.);
#1021=EDGE_CURVE('',#814,#814,#53,.T.);
#1022=EDGE_CURVE('',#815,#816,#428,.T.);
#1023=EDGE_CURVE('',#817,#816,#429,.T.);
#1024=EDGE_CURVE('',#817,#818,#430,.T.);
#1025=EDGE_CURVE('',#818,#815,#431,.T.);
#1026=EDGE_CURVE('',#819,#820,#432,.T.);
#1027=EDGE_CURVE('',#820,#821,#433,.T.);
#1028=EDGE_CURVE('',#821,#822,#434,.T.);
#1029=EDGE_CURVE('',#819,#822,#435,.T.);
#1030=EDGE_CURVE('',#818,#823,#436,.T.);
#1031=EDGE_CURVE('',#824,#823,#437,.T.);
#1032=EDGE_CURVE('',#824,#825,#438,.T.);
#1033=EDGE_CURVE('',#825,#826,#439,.T.);
#1034=EDGE_CURVE('',#827,#826,#440,.T.);
#1035=EDGE_CURVE('',#827,#828,#441,.T.);
#1036=EDGE_CURVE('',#829,#828,#442,.T.);
#1037=EDGE_CURVE('',#829,#830,#443,.T.);
#1038=EDGE_CURVE('',#830,#831,#444,.T.);
#1039=EDGE_CURVE('',#832,#831,#445,.T.);
#1040=EDGE_CURVE('',#832,#833,#446,.T.);
#1041=EDGE_CURVE('',#834,#833,#447,.T.);
#1042=EDGE_CURVE('',#834,#835,#448,.T.);
#1043=EDGE_CURVE('',#835,#836,#449,.T.);
#1044=EDGE_CURVE('',#837,#836,#450,.T.);
#1045=EDGE_CURVE('',#837,#821,#451,.T.);
#1046=EDGE_CURVE('',#820,#838,#452,.T.);
#1047=EDGE_CURVE('',#838,#815,#453,.T.);
#1048=EDGE_CURVE('',#839,#819,#454,.T.);
#1049=EDGE_CURVE('',#838,#839,#455,.T.);
#1050=EDGE_CURVE('',#816,#839,#456,.T.);
#1051=EDGE_CURVE('',#822,#840,#457,.T.);
#1052=EDGE_CURVE('',#840,#817,#458,.T.);
#1053=EDGE_CURVE('',#841,#824,#459,.T.);
#1054=EDGE_CURVE('',#823,#842,#460,.T.);
#1055=EDGE_CURVE('',#842,#841,#461,.T.);
#1056=EDGE_CURVE('',#826,#843,#462,.T.);
#1057=EDGE_CURVE('',#843,#844,#463,.T.);
#1058=EDGE_CURVE('',#844,#827,#464,.T.);
#1059=EDGE_CURVE('',#825,#845,#465,.T.);
#1060=EDGE_CURVE('',#845,#843,#466,.T.);
#1061=EDGE_CURVE('',#841,#845,#467,.T.);
#1062=EDGE_CURVE('',#844,#846,#468,.T.);
#1063=EDGE_CURVE('',#846,#842,#469,.T.);
#1064=EDGE_CURVE('',#847,#834,#470,.T.);
#1065=EDGE_CURVE('',#833,#848,#471,.T.);
#1066=EDGE_CURVE('',#848,#847,#472,.T.);
#1067=EDGE_CURVE('',#836,#849,#473,.T.);
#1068=EDGE_CURVE('',#849,#850,#474,.T.);
#1069=EDGE_CURVE('',#850,#837,#475,.T.);
#1070=EDGE_CURVE('',#835,#851,#476,.T.);
#1071=EDGE_CURVE('',#851,#849,#477,.T.);
#1072=EDGE_CURVE('',#847,#851,#478,.T.);
#1073=EDGE_CURVE('',#850,#852,#479,.T.);
#1074=EDGE_CURVE('',#852,#848,#480,.T.);
#1075=EDGE_CURVE('',#831,#853,#481,.T.);
#1076=EDGE_CURVE('',#854,#853,#482,.T.);
#1077=EDGE_CURVE('',#854,#832,#483,.T.);
#1078=EDGE_CURVE('',#855,#829,#484,.T.);
#1079=EDGE_CURVE('',#828,#856,#485,.T.);
#1080=EDGE_CURVE('',#855,#856,#486,.T.);
#1081=EDGE_CURVE('',#857,#855,#487,.T.);
#1082=EDGE_CURVE('',#830,#857,#488,.T.);
#1083=EDGE_CURVE('',#853,#857,#489,.T.);
#1084=EDGE_CURVE('',#856,#858,#490,.T.);
#1085=EDGE_CURVE('',#858,#854,#491,.T.);
#1086=EDGE_CURVE('',#859,#846,#492,.T.);
#1087=EDGE_CURVE('',#860,#859,#493,.T.);
#1088=EDGE_CURVE('',#858,#860,#494,.T.);
#1089=EDGE_CURVE('',#861,#860,#495,.T.);
#1090=EDGE_CURVE('',#852,#861,#496,.T.);
#1091=EDGE_CURVE('',#862,#861,#497,.T.);
#1092=EDGE_CURVE('',#840,#862,#498,.T.);
#1093=EDGE_CURVE('',#859,#862,#499,.T.);
#1094=ORIENTED_EDGE('',*,*,#863,.F.);
#1095=ORIENTED_EDGE('',*,*,#864,.T.);
#1096=ORIENTED_EDGE('',*,*,#865,.T.);
#1097=ORIENTED_EDGE('',*,*,#866,.F.);
#1098=ORIENTED_EDGE('',*,*,#867,.F.);
#1099=ORIENTED_EDGE('',*,*,#868,.T.);
#1100=ORIENTED_EDGE('',*,*,#869,.T.);
#1101=ORIENTED_EDGE('',*,*,#864,.F.);
#1102=ORIENTED_EDGE('',*,*,#870,.F.);
#1103=ORIENTED_EDGE('',*,*,#871,.T.);
#1104=ORIENTED_EDGE('',*,*,#872,.T.);
#1105=ORIENTED_EDGE('',*,*,#868,.F.);
#1106=ORIENTED_EDGE('',*,*,#873,.F.);
#1107=ORIENTED_EDGE('',*,*,#874,.T.);
#1108=ORIENTED_EDGE('',*,*,#875,.T.);
#1109=ORIENTED_EDGE('',*,*,#871,.F.);
#1110=ORIENTED_EDGE('',*,*,#876,.F.);
#1111=ORIENTED_EDGE('',*,*,#877,.T.);
#1112=ORIENTED_EDGE('',*,*,#878,.T.);
#1113=ORIENTED_EDGE('',*,*,#874,.F.);
#1114=ORIENTED_EDGE('',*,*,#879,.F.);
#1115=ORIENTED_EDGE('',*,*,#866,.T.);
#1116=ORIENTED_EDGE('',*,*,#880,.T.);
#1117=ORIENTED_EDGE('',*,*,#877,.F.);
#1118=ORIENTED_EDGE('',*,*,#880,.F.);
#1119=ORIENTED_EDGE('',*,*,#865,.F.);
#1120=ORIENTED_EDGE('',*,*,#869,.F.);
#1121=ORIENTED_EDGE('',*,*,#872,.F.);
#1122=ORIENTED_EDGE('',*,*,#875,.F.);
#1123=ORIENTED_EDGE('',*,*,#878,.F.);
#1124=ORIENTED_EDGE('',*,*,#881,.F.);
#1125=ORIENTED_EDGE('',*,*,#882,.T.);
#1126=ORIENTED_EDGE('',*,*,#883,.T.);
#1127=ORIENTED_EDGE('',*,*,#884,.F.);
#1128=ORIENTED_EDGE('',*,*,#885,.F.);
#1129=ORIENTED_EDGE('',*,*,#886,.T.);
#1130=ORIENTED_EDGE('',*,*,#887,.T.);
#1131=ORIENTED_EDGE('',*,*,#882,.F.);
#1132=ORIENTED_EDGE('',*,*,#888,.F.);
#1133=ORIENTED_EDGE('',*,*,#889,.T.);
#1134=ORIENTED_EDGE('',*,*,#890,.T.);
#1135=ORIENTED_EDGE('',*,*,#886,.F.);
#1136=ORIENTED_EDGE('',*,*,#891,.F.);
#1137=ORIENTED_EDGE('',*,*,#892,.T.);
#1138=ORIENTED_EDGE('',*,*,#893,.T.);
#1139=ORIENTED_EDGE('',*,*,#889,.F.);
#1140=ORIENTED_EDGE('',*,*,#894,.F.);
#1141=ORIENTED_EDGE('',*,*,#895,.T.);
#1142=ORIENTED_EDGE('',*,*,#896,.T.);
#1143=ORIENTED_EDGE('',*,*,#892,.F.);
#1144=ORIENTED_EDGE('',*,*,#897,.F.);
#1145=ORIENTED_EDGE('',*,*,#884,.T.);
#1146=ORIENTED_EDGE('',*,*,#898,.T.);
#1147=ORIENTED_EDGE('',*,*,#895,.F.);
#1148=ORIENTED_EDGE('',*,*,#898,.F.);
#1149=ORIENTED_EDGE('',*,*,#883,.F.);
#1150=ORIENTED_EDGE('',*,*,#887,.F.);
#1151=ORIENTED_EDGE('',*,*,#890,.F.);
#1152=ORIENTED_EDGE('',*,*,#893,.F.);
#1153=ORIENTED_EDGE('',*,*,#896,.F.);
#1154=ORIENTED_EDGE('',*,*,#899,.F.);
#1155=ORIENTED_EDGE('',*,*,#900,.T.);
#1156=ORIENTED_EDGE('',*,*,#901,.T.);
#1157=ORIENTED_EDGE('',*,*,#902,.F.);
#1158=ORIENTED_EDGE('',*,*,#903,.F.);
#1159=ORIENTED_EDGE('',*,*,#904,.T.);
#1160=ORIENTED_EDGE('',*,*,#905,.T.);
#1161=ORIENTED_EDGE('',*,*,#900,.F.);
#1162=ORIENTED_EDGE('',*,*,#906,.F.);
#1163=ORIENTED_EDGE('',*,*,#907,.T.);
#1164=ORIENTED_EDGE('',*,*,#908,.T.);
#1165=ORIENTED_EDGE('',*,*,#904,.F.);
#1166=ORIENTED_EDGE('',*,*,#909,.F.);
#1167=ORIENTED_EDGE('',*,*,#910,.T.);
#1168=ORIENTED_EDGE('',*,*,#911,.T.);
#1169=ORIENTED_EDGE('',*,*,#907,.F.);
#1170=ORIENTED_EDGE('',*,*,#912,.F.);
#1171=ORIENTED_EDGE('',*,*,#913,.T.);
#1172=ORIENTED_EDGE('',*,*,#914,.T.);
#1173=ORIENTED_EDGE('',*,*,#910,.F.);
#1174=ORIENTED_EDGE('',*,*,#915,.F.);
#1175=ORIENTED_EDGE('',*,*,#902,.T.);
#1176=ORIENTED_EDGE('',*,*,#916,.T.);
#1177=ORIENTED_EDGE('',*,*,#913,.F.);
#1178=ORIENTED_EDGE('',*,*,#916,.F.);
#1179=ORIENTED_EDGE('',*,*,#901,.F.);
#1180=ORIENTED_EDGE('',*,*,#905,.F.);
#1181=ORIENTED_EDGE('',*,*,#908,.F.);
#1182=ORIENTED_EDGE('',*,*,#911,.F.);
#1183=ORIENTED_EDGE('',*,*,#914,.F.);
#1184=ORIENTED_EDGE('',*,*,#917,.F.);
#1185=ORIENTED_EDGE('',*,*,#918,.T.);
#1186=ORIENTED_EDGE('',*,*,#919,.T.);
#1187=ORIENTED_EDGE('',*,*,#918,.F.);
#1188=ORIENTED_EDGE('',*,*,#919,.F.);
#1189=ORIENTED_EDGE('',*,*,#920,.F.);
#1190=ORIENTED_EDGE('',*,*,#921,.T.);
#1191=ORIENTED_EDGE('',*,*,#922,.T.);
#1192=ORIENTED_EDGE('',*,*,#923,.F.);
#1193=ORIENTED_EDGE('',*,*,#924,.F.);
#1194=ORIENTED_EDGE('',*,*,#925,.T.);
#1195=ORIENTED_EDGE('',*,*,#926,.T.);
#1196=ORIENTED_EDGE('',*,*,#921,.F.);
#1197=ORIENTED_EDGE('',*,*,#927,.F.);
#1198=ORIENTED_EDGE('',*,*,#928,.T.);
#1199=ORIENTED_EDGE('',*,*,#929,.T.);
#1200=ORIENTED_EDGE('',*,*,#925,.F.);
#1201=ORIENTED_EDGE('',*,*,#930,.F.);
#1202=ORIENTED_EDGE('',*,*,#931,.T.);
#1203=ORIENTED_EDGE('',*,*,#932,.T.);
#1204=ORIENTED_EDGE('',*,*,#928,.F.);
#1205=ORIENTED_EDGE('',*,*,#933,.F.);
#1206=ORIENTED_EDGE('',*,*,#934,.T.);
#1207=ORIENTED_EDGE('',*,*,#935,.T.);
#1208=ORIENTED_EDGE('',*,*,#931,.F.);
#1209=ORIENTED_EDGE('',*,*,#936,.F.);
#1210=ORIENTED_EDGE('',*,*,#923,.T.);
#1211=ORIENTED_EDGE('',*,*,#937,.T.);
#1212=ORIENTED_EDGE('',*,*,#934,.F.);
#1213=ORIENTED_EDGE('',*,*,#937,.F.);
#1214=ORIENTED_EDGE('',*,*,#922,.F.);
#1215=ORIENTED_EDGE('',*,*,#926,.F.);
#1216=ORIENTED_EDGE('',*,*,#929,.F.);
#1217=ORIENTED_EDGE('',*,*,#932,.F.);
#1218=ORIENTED_EDGE('',*,*,#935,.F.);
#1219=ORIENTED_EDGE('',*,*,#938,.F.);
#1220=ORIENTED_EDGE('',*,*,#939,.T.);
#1221=ORIENTED_EDGE('',*,*,#940,.T.);
#1222=ORIENTED_EDGE('',*,*,#941,.F.);
#1223=ORIENTED_EDGE('',*,*,#942,.F.);
#1224=ORIENTED_EDGE('',*,*,#943,.T.);
#1225=ORIENTED_EDGE('',*,*,#944,.T.);
#1226=ORIENTED_EDGE('',*,*,#939,.F.);
#1227=ORIENTED_EDGE('',*,*,#945,.F.);
#1228=ORIENTED_EDGE('',*,*,#946,.T.);
#1229=ORIENTED_EDGE('',*,*,#947,.T.);
#1230=ORIENTED_EDGE('',*,*,#943,.F.);
#1231=ORIENTED_EDGE('',*,*,#948,.F.);
#1232=ORIENTED_EDGE('',*,*,#949,.T.);
#1233=ORIENTED_EDGE('',*,*,#950,.T.);
#1234=ORIENTED_EDGE('',*,*,#946,.F.);
#1235=ORIENTED_EDGE('',*,*,#951,.F.);
#1236=ORIENTED_EDGE('',*,*,#952,.T.);
#1237=ORIENTED_EDGE('',*,*,#953,.T.);
#1238=ORIENTED_EDGE('',*,*,#949,.F.);
#1239=ORIENTED_EDGE('',*,*,#954,.F.);
#1240=ORIENTED_EDGE('',*,*,#941,.T.);
#1241=ORIENTED_EDGE('',*,*,#955,.T.);
#1242=ORIENTED_EDGE('',*,*,#952,.F.);
#1243=ORIENTED_EDGE('',*,*,#955,.F.);
#1244=ORIENTED_EDGE('',*,*,#940,.F.);
#1245=ORIENTED_EDGE('',*,*,#944,.F.);
#1246=ORIENTED_EDGE('',*,*,#947,.F.);
#1247=ORIENTED_EDGE('',*,*,#950,.F.);
#1248=ORIENTED_EDGE('',*,*,#953,.F.);
#1249=ORIENTED_EDGE('',*,*,#956,.F.);
#1250=ORIENTED_EDGE('',*,*,#957,.T.);
#1251=ORIENTED_EDGE('',*,*,#958,.T.);
#1252=ORIENTED_EDGE('',*,*,#959,.F.);
#1253=ORIENTED_EDGE('',*,*,#960,.F.);
#1254=ORIENTED_EDGE('',*,*,#961,.T.);
#1255=ORIENTED_EDGE('',*,*,#962,.T.);
#1256=ORIENTED_EDGE('',*,*,#957,.F.);
#1257=ORIENTED_EDGE('',*,*,#963,.F.);
#1258=ORIENTED_EDGE('',*,*,#964,.T.);
#1259=ORIENTED_EDGE('',*,*,#965,.T.);
#1260=ORIENTED_EDGE('',*,*,#961,.F.);
#1261=ORIENTED_EDGE('',*,*,#966,.F.);
#1262=ORIENTED_EDGE('',*,*,#967,.T.);
#1263=ORIENTED_EDGE('',*,*,#968,.T.);
#1264=ORIENTED_EDGE('',*,*,#964,.F.);
#1265=ORIENTED_EDGE('',*,*,#969,.F.);
#1266=ORIENTED_EDGE('',*,*,#970,.T.);
#1267=ORIENTED_EDGE('',*,*,#971,.T.);
#1268=ORIENTED_EDGE('',*,*,#967,.F.);
#1269=ORIENTED_EDGE('',*,*,#972,.F.);
#1270=ORIENTED_EDGE('',*,*,#959,.T.);
#1271=ORIENTED_EDGE('',*,*,#973,.T.);
#1272=ORIENTED_EDGE('',*,*,#970,.F.);
#1273=ORIENTED_EDGE('',*,*,#973,.F.);
#1274=ORIENTED_EDGE('',*,*,#958,.F.);
#1275=ORIENTED_EDGE('',*,*,#962,.F.);
#1276=ORIENTED_EDGE('',*,*,#965,.F.);
#1277=ORIENTED_EDGE('',*,*,#968,.F.);
#1278=ORIENTED_EDGE('',*,*,#971,.F.);
#1279=ORIENTED_EDGE('',*,*,#974,.F.);
#1280=ORIENTED_EDGE('',*,*,#975,.T.);
#1281=ORIENTED_EDGE('',*,*,#976,.T.);
#1282=ORIENTED_EDGE('',*,*,#977,.F.);
#1283=ORIENTED_EDGE('',*,*,#978,.F.);
#1284=ORIENTED_EDGE('',*,*,#979,.T.);
#1285=ORIENTED_EDGE('',*,*,#980,.T.);
#1286=ORIENTED_EDGE('',*,*,#975,.F.);
#1287=ORIENTED_EDGE('',*,*,#981,.F.);
#1288=ORIENTED_EDGE('',*,*,#982,.T.);
#1289=ORIENTED_EDGE('',*,*,#983,.T.);
#1290=ORIENTED_EDGE('',*,*,#979,.F.);
#1291=ORIENTED_EDGE('',*,*,#984,.F.);
#1292=ORIENTED_EDGE('',*,*,#985,.T.);
#1293=ORIENTED_EDGE('',*,*,#986,.T.);
#1294=ORIENTED_EDGE('',*,*,#982,.F.);
#1295=ORIENTED_EDGE('',*,*,#987,.F.);
#1296=ORIENTED_EDGE('',*,*,#988,.T.);
#1297=ORIENTED_EDGE('',*,*,#989,.T.);
#1298=ORIENTED_EDGE('',*,*,#985,.F.);
#1299=ORIENTED_EDGE('',*,*,#990,.F.);
#1300=ORIENTED_EDGE('',*,*,#977,.T.);
#1301=ORIENTED_EDGE('',*,*,#991,.T.);
#1302=ORIENTED_EDGE('',*,*,#988,.F.);
#1303=ORIENTED_EDGE('',*,*,#991,.F.);
#1304=ORIENTED_EDGE('',*,*,#976,.F.);
#1305=ORIENTED_EDGE('',*,*,#980,.F.);
#1306=ORIENTED_EDGE('',*,*,#983,.F.);
#1307=ORIENTED_EDGE('',*,*,#986,.F.);
#1308=ORIENTED_EDGE('',*,*,#989,.F.);
#1309=ORIENTED_EDGE('',*,*,#992,.T.);
#1310=ORIENTED_EDGE('',*,*,#993,.T.);
#1311=ORIENTED_EDGE('',*,*,#994,.F.);
#1312=ORIENTED_EDGE('',*,*,#993,.F.);
#1313=ORIENTED_EDGE('',*,*,#992,.F.);
#1314=ORIENTED_EDGE('',*,*,#995,.T.);
#1315=ORIENTED_EDGE('',*,*,#996,.T.);
#1316=ORIENTED_EDGE('',*,*,#997,.F.);
#1317=ORIENTED_EDGE('',*,*,#996,.F.);
#1318=ORIENTED_EDGE('',*,*,#995,.F.);
#1319=ORIENTED_EDGE('',*,*,#998,.T.);
#1320=ORIENTED_EDGE('',*,*,#999,.T.);
#1321=ORIENTED_EDGE('',*,*,#1000,.F.);
#1322=ORIENTED_EDGE('',*,*,#999,.F.);
#1323=ORIENTED_EDGE('',*,*,#998,.F.);
#1324=ORIENTED_EDGE('',*,*,#1001,.T.);
#1325=ORIENTED_EDGE('',*,*,#1002,.T.);
#1326=ORIENTED_EDGE('',*,*,#1003,.F.);
#1327=ORIENTED_EDGE('',*,*,#1002,.F.);
#1328=ORIENTED_EDGE('',*,*,#1001,.F.);
#1329=ORIENTED_EDGE('',*,*,#1004,.T.);
#1330=ORIENTED_EDGE('',*,*,#1005,.T.);
#1331=ORIENTED_EDGE('',*,*,#1006,.F.);
#1332=ORIENTED_EDGE('',*,*,#1005,.F.);
#1333=ORIENTED_EDGE('',*,*,#1004,.F.);
#1334=ORIENTED_EDGE('',*,*,#1007,.F.);
#1335=ORIENTED_EDGE('',*,*,#1008,.T.);
#1336=ORIENTED_EDGE('',*,*,#1009,.F.);
#1337=ORIENTED_EDGE('',*,*,#1008,.F.);
#1338=ORIENTED_EDGE('',*,*,#1007,.T.);
#1339=ORIENTED_EDGE('',*,*,#1010,.F.);
#1340=ORIENTED_EDGE('',*,*,#1011,.T.);
#1341=ORIENTED_EDGE('',*,*,#1012,.F.);
#1342=ORIENTED_EDGE('',*,*,#1011,.F.);
#1343=ORIENTED_EDGE('',*,*,#1010,.T.);
#1344=ORIENTED_EDGE('',*,*,#1013,.F.);
#1345=ORIENTED_EDGE('',*,*,#1014,.T.);
#1346=ORIENTED_EDGE('',*,*,#1015,.F.);
#1347=ORIENTED_EDGE('',*,*,#1014,.F.);
#1348=ORIENTED_EDGE('',*,*,#1013,.T.);
#1349=ORIENTED_EDGE('',*,*,#1016,.F.);
#1350=ORIENTED_EDGE('',*,*,#1017,.T.);
#1351=ORIENTED_EDGE('',*,*,#1018,.F.);
#1352=ORIENTED_EDGE('',*,*,#1017,.F.);
#1353=ORIENTED_EDGE('',*,*,#1016,.T.);
#1354=ORIENTED_EDGE('',*,*,#1019,.F.);
#1355=ORIENTED_EDGE('',*,*,#1020,.T.);
#1356=ORIENTED_EDGE('',*,*,#1021,.F.);
#1357=ORIENTED_EDGE('',*,*,#1020,.F.);
#1358=ORIENTED_EDGE('',*,*,#1019,.T.);
#1359=ORIENTED_EDGE('',*,*,#1022,.T.);
#1360=ORIENTED_EDGE('',*,*,#1023,.F.);
#1361=ORIENTED_EDGE('',*,*,#1024,.T.);
#1362=ORIENTED_EDGE('',*,*,#1025,.T.);
#1363=ORIENTED_EDGE('',*,*,#1026,.T.);
#1364=ORIENTED_EDGE('',*,*,#1027,.T.);
#1365=ORIENTED_EDGE('',*,*,#1028,.T.);
#1366=ORIENTED_EDGE('',*,*,#1029,.F.);
#1367=ORIENTED_EDGE('',*,*,#1025,.F.);
#1368=ORIENTED_EDGE('',*,*,#1030,.T.);
#1369=ORIENTED_EDGE('',*,*,#1031,.F.);
#1370=ORIENTED_EDGE('',*,*,#1032,.T.);
#1371=ORIENTED_EDGE('',*,*,#1033,.T.);
#1372=ORIENTED_EDGE('',*,*,#1034,.F.);
#1373=ORIENTED_EDGE('',*,*,#1035,.T.);
#1374=ORIENTED_EDGE('',*,*,#1036,.F.);
#1375=ORIENTED_EDGE('',*,*,#1037,.T.);
#1376=ORIENTED_EDGE('',*,*,#1038,.T.);
#1377=ORIENTED_EDGE('',*,*,#1039,.F.);
#1378=ORIENTED_EDGE('',*,*,#1040,.T.);
#1379=ORIENTED_EDGE('',*,*,#1041,.F.);
#1380=ORIENTED_EDGE('',*,*,#1042,.T.);
#1381=ORIENTED_EDGE('',*,*,#1043,.T.);
#1382=ORIENTED_EDGE('',*,*,#1044,.F.);
#1383=ORIENTED_EDGE('',*,*,#1045,.T.);
#1384=ORIENTED_EDGE('',*,*,#1027,.F.);
#1385=ORIENTED_EDGE('',*,*,#1046,.T.);
#1386=ORIENTED_EDGE('',*,*,#1047,.T.);
#1387=ORIENTED_EDGE('',*,*,#994,.T.);
#1388=ORIENTED_EDGE('',*,*,#997,.T.);
#1389=ORIENTED_EDGE('',*,*,#1000,.T.);
#1390=ORIENTED_EDGE('',*,*,#1003,.T.);
#1391=ORIENTED_EDGE('',*,*,#1006,.T.);
#1392=ORIENTED_EDGE('',*,*,#1009,.T.);
#1393=ORIENTED_EDGE('',*,*,#1012,.T.);
#1394=ORIENTED_EDGE('',*,*,#1015,.T.);
#1395=ORIENTED_EDGE('',*,*,#1018,.T.);
#1396=ORIENTED_EDGE('',*,*,#1021,.T.);
#1397=ORIENTED_EDGE('',*,*,#1046,.F.);
#1398=ORIENTED_EDGE('',*,*,#1026,.F.);
#1399=ORIENTED_EDGE('',*,*,#1048,.F.);
#1400=ORIENTED_EDGE('',*,*,#1049,.F.);
#1401=ORIENTED_EDGE('',*,*,#1047,.F.);
#1402=ORIENTED_EDGE('',*,*,#1049,.T.);
#1403=ORIENTED_EDGE('',*,*,#1050,.F.);
#1404=ORIENTED_EDGE('',*,*,#1022,.F.);
#1405=ORIENTED_EDGE('',*,*,#1051,.T.);
#1406=ORIENTED_EDGE('',*,*,#1052,.T.);
#1407=ORIENTED_EDGE('',*,*,#1023,.T.);
#1408=ORIENTED_EDGE('',*,*,#1050,.T.);
#1409=ORIENTED_EDGE('',*,*,#1048,.T.);
#1410=ORIENTED_EDGE('',*,*,#1029,.T.);
#1411=ORIENTED_EDGE('',*,*,#1053,.T.);
#1412=ORIENTED_EDGE('',*,*,#1031,.T.);
#1413=ORIENTED_EDGE('',*,*,#1054,.T.);
#1414=ORIENTED_EDGE('',*,*,#1055,.T.);
#1415=ORIENTED_EDGE('',*,*,#1056,.T.);
#1416=ORIENTED_EDGE('',*,*,#1057,.T.);
#1417=ORIENTED_EDGE('',*,*,#1058,.T.);
#1418=ORIENTED_EDGE('',*,*,#1034,.T.);
#1419=ORIENTED_EDGE('',*,*,#1033,.F.);
#1420=ORIENTED_EDGE('',*,*,#1059,.T.);
#1421=ORIENTED_EDGE('',*,*,#1060,.T.);
#1422=ORIENTED_EDGE('',*,*,#1056,.F.);
#1423=ORIENTED_EDGE('',*,*,#1032,.F.);
#1424=ORIENTED_EDGE('',*,*,#1053,.F.);
#1425=ORIENTED_EDGE('',*,*,#1061,.T.);
#1426=ORIENTED_EDGE('',*,*,#1059,.F.);
#1427=ORIENTED_EDGE('',*,*,#1062,.F.);
#1428=ORIENTED_EDGE('',*,*,#1057,.F.);
#1429=ORIENTED_EDGE('',*,*,#1060,.F.);
#1430=ORIENTED_EDGE('',*,*,#1061,.F.);
#1431=ORIENTED_EDGE('',*,*,#1055,.F.);
#1432=ORIENTED_EDGE('',*,*,#1063,.F.);
#1433=ORIENTED_EDGE('',*,*,#1064,.T.);
#1434=ORIENTED_EDGE('',*,*,#1041,.T.);
#1435=ORIENTED_EDGE('',*,*,#1065,.T.);
#1436=ORIENTED_EDGE('',*,*,#1066,.T.);
#1437=ORIENTED_EDGE('',*,*,#1067,.T.);
#1438=ORIENTED_EDGE('',*,*,#1068,.T.);
#1439=ORIENTED_EDGE('',*,*,#1069,.T.);
#1440=ORIENTED_EDGE('',*,*,#1044,.T.);
#1441=ORIENTED_EDGE('',*,*,#1043,.F.);
#1442=ORIENTED_EDGE('',*,*,#1070,.T.);
#1443=ORIENTED_EDGE('',*,*,#1071,.T.);
#1444=ORIENTED_EDGE('',*,*,#1067,.F.);
#1445=ORIENTED_EDGE('',*,*,#1042,.F.);
#1446=ORIENTED_EDGE('',*,*,#1064,.F.);
#1447=ORIENTED_EDGE('',*,*,#1072,.T.);
#1448=ORIENTED_EDGE('',*,*,#1070,.F.);
#1449=ORIENTED_EDGE('',*,*,#1073,.F.);
#1450=ORIENTED_EDGE('',*,*,#1068,.F.);
#1451=ORIENTED_EDGE('',*,*,#1071,.F.);
#1452=ORIENTED_EDGE('',*,*,#1072,.F.);
#1453=ORIENTED_EDGE('',*,*,#1066,.F.);
#1454=ORIENTED_EDGE('',*,*,#1074,.F.);
#1455=ORIENTED_EDGE('',*,*,#1075,.T.);
#1456=ORIENTED_EDGE('',*,*,#1076,.F.);
#1457=ORIENTED_EDGE('',*,*,#1077,.T.);
#1458=ORIENTED_EDGE('',*,*,#1039,.T.);
#1459=ORIENTED_EDGE('',*,*,#1078,.T.);
#1460=ORIENTED_EDGE('',*,*,#1036,.T.);
#1461=ORIENTED_EDGE('',*,*,#1079,.T.);
#1462=ORIENTED_EDGE('',*,*,#1080,.F.);
#1463=ORIENTED_EDGE('',*,*,#1037,.F.);
#1464=ORIENTED_EDGE('',*,*,#1078,.F.);
#1465=ORIENTED_EDGE('',*,*,#1081,.F.);
#1466=ORIENTED_EDGE('',*,*,#1082,.F.);
#1467=ORIENTED_EDGE('',*,*,#1038,.F.);
#1468=ORIENTED_EDGE('',*,*,#1082,.T.);
#1469=ORIENTED_EDGE('',*,*,#1083,.F.);
#1470=ORIENTED_EDGE('',*,*,#1075,.F.);
#1471=ORIENTED_EDGE('',*,*,#1084,.T.);
#1472=ORIENTED_EDGE('',*,*,#1085,.T.);
#1473=ORIENTED_EDGE('',*,*,#1076,.T.);
#1474=ORIENTED_EDGE('',*,*,#1083,.T.);
#1475=ORIENTED_EDGE('',*,*,#1081,.T.);
#1476=ORIENTED_EDGE('',*,*,#1080,.T.);
#1477=ORIENTED_EDGE('',*,*,#1086,.F.);
#1478=ORIENTED_EDGE('',*,*,#1087,.F.);
#1479=ORIENTED_EDGE('',*,*,#1088,.F.);
#1480=ORIENTED_EDGE('',*,*,#1084,.F.);
#1481=ORIENTED_EDGE('',*,*,#1079,.F.);
#1482=ORIENTED_EDGE('',*,*,#1035,.F.);
#1483=ORIENTED_EDGE('',*,*,#1058,.F.);
#1484=ORIENTED_EDGE('',*,*,#1062,.T.);
#1485=ORIENTED_EDGE('',*,*,#1088,.T.);
#1486=ORIENTED_EDGE('',*,*,#1089,.F.);
#1487=ORIENTED_EDGE('',*,*,#1090,.F.);
#1488=ORIENTED_EDGE('',*,*,#1074,.T.);
#1489=ORIENTED_EDGE('',*,*,#1065,.F.);
#1490=ORIENTED_EDGE('',*,*,#1040,.F.);
#1491=ORIENTED_EDGE('',*,*,#1077,.F.);
#1492=ORIENTED_EDGE('',*,*,#1085,.F.);
#1493=ORIENTED_EDGE('',*,*,#1090,.T.);
#1494=ORIENTED_EDGE('',*,*,#1091,.F.);
#1495=ORIENTED_EDGE('',*,*,#1092,.F.);
#1496=ORIENTED_EDGE('',*,*,#1051,.F.);
#1497=ORIENTED_EDGE('',*,*,#1028,.F.);
#1498=ORIENTED_EDGE('',*,*,#1045,.F.);
#1499=ORIENTED_EDGE('',*,*,#1069,.F.);
#1500=ORIENTED_EDGE('',*,*,#1073,.T.);
#1501=ORIENTED_EDGE('',*,*,#1092,.T.);
#1502=ORIENTED_EDGE('',*,*,#1093,.F.);
#1503=ORIENTED_EDGE('',*,*,#1086,.T.);
#1504=ORIENTED_EDGE('',*,*,#1063,.T.);
#1505=ORIENTED_EDGE('',*,*,#1054,.F.);
#1506=ORIENTED_EDGE('',*,*,#1030,.F.);
#1507=ORIENTED_EDGE('',*,*,#1024,.F.);
#1508=ORIENTED_EDGE('',*,*,#1052,.F.);
#1509=ORIENTED_EDGE('',*,*,#1093,.T.);
#1510=ORIENTED_EDGE('',*,*,#1091,.T.);
#1511=ORIENTED_EDGE('',*,*,#1089,.T.);
#1512=ORIENTED_EDGE('',*,*,#1087,.T.);
#1513=ORIENTED_EDGE('',*,*,#863,.T.);
#1514=ORIENTED_EDGE('',*,*,#879,.T.);
#1515=ORIENTED_EDGE('',*,*,#876,.T.);
#1516=ORIENTED_EDGE('',*,*,#873,.T.);
#1517=ORIENTED_EDGE('',*,*,#870,.T.);
#1518=ORIENTED_EDGE('',*,*,#867,.T.);
#1519=ORIENTED_EDGE('',*,*,#881,.T.);
#1520=ORIENTED_EDGE('',*,*,#897,.T.);
#1521=ORIENTED_EDGE('',*,*,#894,.T.);
#1522=ORIENTED_EDGE('',*,*,#891,.T.);
#1523=ORIENTED_EDGE('',*,*,#888,.T.);
#1524=ORIENTED_EDGE('',*,*,#885,.T.);
#1525=ORIENTED_EDGE('',*,*,#899,.T.);
#1526=ORIENTED_EDGE('',*,*,#915,.T.);
#1527=ORIENTED_EDGE('',*,*,#912,.T.);
#1528=ORIENTED_EDGE('',*,*,#909,.T.);
#1529=ORIENTED_EDGE('',*,*,#906,.T.);
#1530=ORIENTED_EDGE('',*,*,#903,.T.);
#1531=ORIENTED_EDGE('',*,*,#917,.T.);
#1532=ORIENTED_EDGE('',*,*,#920,.T.);
#1533=ORIENTED_EDGE('',*,*,#936,.T.);
#1534=ORIENTED_EDGE('',*,*,#933,.T.);
#1535=ORIENTED_EDGE('',*,*,#930,.T.);
#1536=ORIENTED_EDGE('',*,*,#927,.T.);
#1537=ORIENTED_EDGE('',*,*,#924,.T.);
#1538=ORIENTED_EDGE('',*,*,#938,.T.);
#1539=ORIENTED_EDGE('',*,*,#954,.T.);
#1540=ORIENTED_EDGE('',*,*,#951,.T.);
#1541=ORIENTED_EDGE('',*,*,#948,.T.);
#1542=ORIENTED_EDGE('',*,*,#945,.T.);
#1543=ORIENTED_EDGE('',*,*,#942,.T.);
#1544=ORIENTED_EDGE('',*,*,#956,.T.);
#1545=ORIENTED_EDGE('',*,*,#972,.T.);
#1546=ORIENTED_EDGE('',*,*,#969,.T.);
#1547=ORIENTED_EDGE('',*,*,#966,.T.);
#1548=ORIENTED_EDGE('',*,*,#963,.T.);
#1549=ORIENTED_EDGE('',*,*,#960,.T.);
#1550=ORIENTED_EDGE('',*,*,#974,.T.);
#1551=ORIENTED_EDGE('',*,*,#990,.T.);
#1552=ORIENTED_EDGE('',*,*,#987,.T.);
#1553=ORIENTED_EDGE('',*,*,#984,.T.);
#1554=ORIENTED_EDGE('',*,*,#981,.T.);
#1555=ORIENTED_EDGE('',*,*,#978,.T.);
#1556=PLANE('',#1753);
#1557=PLANE('',#1754);
#1558=PLANE('',#1755);
#1559=PLANE('',#1756);
#1560=PLANE('',#1757);
#1561=PLANE('',#1758);
#1562=PLANE('',#1759);
#1563=PLANE('',#1760);
#1564=PLANE('',#1761);
#1565=PLANE('',#1762);
#1566=PLANE('',#1763);
#1567=PLANE('',#1764);
#1568=PLANE('',#1765);
#1569=PLANE('',#1766);
#1570=PLANE('',#1767);
#1571=PLANE('',#1768);
#1572=PLANE('',#1769);
#1573=PLANE('',#1770);
#1574=PLANE('',#1771);
#1575=PLANE('',#1772);
#1576=PLANE('',#1773);
#1577=PLANE('',#1777);
#1578=PLANE('',#1778);
#1579=PLANE('',#1779);
#1580=PLANE('',#1780);
#1581=PLANE('',#1781);
#1582=PLANE('',#1782);
#1583=PLANE('',#1783);
#1584=PLANE('',#1784);
#1585=PLANE('',#1785);
#1586=PLANE('',#1786);
#1587=PLANE('',#1787);
#1588=PLANE('',#1788);
#1589=PLANE('',#1789);
#1590=PLANE('',#1790);
#1591=PLANE('',#1791);
#1592=PLANE('',#1792);
#1593=PLANE('',#1793);
#1594=PLANE('',#1794);
#1595=PLANE('',#1795);
#1596=PLANE('',#1796);
#1597=PLANE('',#1797);
#1598=PLANE('',#1798);
#1599=PLANE('',#1799);
#1600=PLANE('',#1800);
#1601=PLANE('',#1801);
#1602=PLANE('',#1802);
#1603=PLANE('',#1803);
#1604=PLANE('',#1804);
#1605=PLANE('',#1805);
#1606=PLANE('',#1809);
#1607=PLANE('',#1813);
#1608=PLANE('',#1817);
#1609=PLANE('',#1821);
#1610=PLANE('',#1825);
#1611=PLANE('',#1829);
#1612=PLANE('',#1833);
#1613=PLANE('',#1837);
#1614=PLANE('',#1841);
#1615=PLANE('',#1845);
#1616=PLANE('',#1846);
#1617=PLANE('',#1847);
#1618=PLANE('',#1848);
#1619=PLANE('',#1849);
#1620=PLANE('',#1850);
#1621=PLANE('',#1851);
#1622=PLANE('',#1852);
#1623=PLANE('',#1853);
#1624=PLANE('',#1854);
#1625=PLANE('',#1855);
#1626=PLANE('',#1856);
#1627=PLANE('',#1857);
#1628=PLANE('',#1858);
#1629=PLANE('',#1859);
#1630=PLANE('',#1860);
#1631=PLANE('',#1861);
#1632=PLANE('',#1862);
#1633=PLANE('',#1863);
#1634=PLANE('',#1864);
#1635=PLANE('',#1865);
#1636=PLANE('',#1866);
#1637=PLANE('',#1867);
#1638=PLANE('',#1868);
#1639=PLANE('',#1869);
#1640=PLANE('',#1870);
#1641=PLANE('',#1871);
#1642=ADVANCED_FACE('',(#79),#1556,.F.);
#1643=ADVANCED_FACE('',(#80),#1557,.F.);
#1644=ADVANCED_FACE('',(#81),#1558,.F.);
#1645=ADVANCED_FACE('',(#82),#1559,.F.);
#1646=ADVANCED_FACE('',(#83),#1560,.F.);
#1647=ADVANCED_FACE('',(#84),#1561,.F.);
#1648=ADVANCED_FACE('',(#85),#1562,.F.);
#1649=ADVANCED_FACE('',(#86),#1563,.F.);
#1650=ADVANCED_FACE('',(#87),#1564,.F.);
#1651=ADVANCED_FACE('',(#88),#1565,.F.);
#1652=ADVANCED_FACE('',(#89),#1566,.F.);
#1653=ADVANCED_FACE('',(#90),#1567,.F.);
#1654=ADVANCED_FACE('',(#91),#1568,.F.);
#1655=ADVANCED_FACE('',(#92),#1569,.F.);
#1656=ADVANCED_FACE('',(#93),#1570,.F.);
#1657=ADVANCED_FACE('',(#94),#1571,.F.);
#1658=ADVANCED_FACE('',(#95),#1572,.F.);
#1659=ADVANCED_FACE('',(#96),#1573,.F.);
#1660=ADVANCED_FACE('',(#97),#1574,.F.);
#1661=ADVANCED_FACE('',(#98),#1575,.F.);
#1662=ADVANCED_FACE('',(#99),#1576,.F.);
#1663=ADVANCED_FACE('',(#100),#54,.F.);
#1664=ADVANCED_FACE('',(#101),#1577,.T.);
#1665=ADVANCED_FACE('',(#102),#1578,.F.);
#1666=ADVANCED_FACE('',(#103),#1579,.F.);
#1667=ADVANCED_FACE('',(#104),#1580,.F.);
#1668=ADVANCED_FACE('',(#105),#1581,.F.);
#1669=ADVANCED_FACE('',(#106),#1582,.F.);
#1670=ADVANCED_FACE('',(#107),#1583,.F.);
#1671=ADVANCED_FACE('',(#108),#1584,.F.);
#1672=ADVANCED_FACE('',(#109),#1585,.F.);
#1673=ADVANCED_FACE('',(#110),#1586,.F.);
#1674=ADVANCED_FACE('',(#111),#1587,.F.);
#1675=ADVANCED_FACE('',(#112),#1588,.F.);
#1676=ADVANCED_FACE('',(#113),#1589,.F.);
#1677=ADVANCED_FACE('',(#114),#1590,.F.);
#1678=ADVANCED_FACE('',(#115),#1591,.F.);
#1679=ADVANCED_FACE('',(#116),#1592,.F.);
#1680=ADVANCED_FACE('',(#117),#1593,.F.);
#1681=ADVANCED_FACE('',(#118),#1594,.F.);
#1682=ADVANCED_FACE('',(#119),#1595,.F.);
#1683=ADVANCED_FACE('',(#120),#1596,.F.);
#1684=ADVANCED_FACE('',(#121),#1597,.F.);
#1685=ADVANCED_FACE('',(#122),#1598,.F.);
#1686=ADVANCED_FACE('',(#123),#1599,.F.);
#1687=ADVANCED_FACE('',(#124),#1600,.F.);
#1688=ADVANCED_FACE('',(#125),#1601,.F.);
#1689=ADVANCED_FACE('',(#126),#1602,.F.);
#1690=ADVANCED_FACE('',(#127),#1603,.F.);
#1691=ADVANCED_FACE('',(#128),#1604,.F.);
#1692=ADVANCED_FACE('',(#129),#1605,.F.);
#1693=ADVANCED_FACE('',(#130),#55,.T.);
#1694=ADVANCED_FACE('',(#131),#1606,.F.);
#1695=ADVANCED_FACE('',(#132),#56,.T.);
#1696=ADVANCED_FACE('',(#133),#1607,.F.);
#1697=ADVANCED_FACE('',(#134),#57,.T.);
#1698=ADVANCED_FACE('',(#135),#1608,.F.);
#1699=ADVANCED_FACE('',(#136),#58,.T.);
#1700=ADVANCED_FACE('',(#137),#1609,.F.);
#1701=ADVANCED_FACE('',(#138),#59,.T.);
#1702=ADVANCED_FACE('',(#139),#1610,.F.);
#1703=ADVANCED_FACE('',(#140),#60,.T.);
#1704=ADVANCED_FACE('',(#141),#1611,.T.);
#1705=ADVANCED_FACE('',(#142),#61,.T.);
#1706=ADVANCED_FACE('',(#143),#1612,.T.);
#1707=ADVANCED_FACE('',(#144),#62,.T.);
#1708=ADVANCED_FACE('',(#145),#1613,.T.);
#1709=ADVANCED_FACE('',(#146),#63,.T.);
#1710=ADVANCED_FACE('',(#147),#1614,.T.);
#1711=ADVANCED_FACE('',(#148),#64,.T.);
#1712=ADVANCED_FACE('',(#149),#1615,.T.);
#1713=ADVANCED_FACE('',(#150),#1616,.T.);
#1714=ADVANCED_FACE('',(#151),#1617,.T.);
#1715=ADVANCED_FACE('',(#152,#14,#15,#16,#17,#18,#19,#20,#21,#22,#23),#1618,
 .F.);
#1716=ADVANCED_FACE('',(#153),#1619,.T.);
#1717=ADVANCED_FACE('',(#154),#1620,.T.);
#1718=ADVANCED_FACE('',(#155),#1621,.T.);
#1719=ADVANCED_FACE('',(#156),#1622,.T.);
#1720=ADVANCED_FACE('',(#157),#1623,.T.);
#1721=ADVANCED_FACE('',(#158),#1624,.F.);
#1722=ADVANCED_FACE('',(#159),#1625,.F.);
#1723=ADVANCED_FACE('',(#160),#1626,.F.);
#1724=ADVANCED_FACE('',(#161),#1627,.T.);
#1725=ADVANCED_FACE('',(#162),#1628,.T.);
#1726=ADVANCED_FACE('',(#163),#1629,.F.);
#1727=ADVANCED_FACE('',(#164),#1630,.F.);
#1728=ADVANCED_FACE('',(#165),#1631,.F.);
#1729=ADVANCED_FACE('',(#166),#1632,.T.);
#1730=ADVANCED_FACE('',(#167),#1633,.T.);
#1731=ADVANCED_FACE('',(#168),#1634,.T.);
#1732=ADVANCED_FACE('',(#169),#1635,.T.);
#1733=ADVANCED_FACE('',(#170),#1636,.T.);
#1734=ADVANCED_FACE('',(#171),#1637,.T.);
#1735=ADVANCED_FACE('',(#172),#1638,.T.);
#1736=ADVANCED_FACE('',(#173),#1639,.T.);
#1737=ADVANCED_FACE('',(#174),#1640,.T.);
#1738=ADVANCED_FACE('',(#175,#24,#25,#26,#27,#28,#29,#30,#31),#1641,.T.);
#1739=CLOSED_SHELL('',(#1642,#1643,#1644,#1645,#1646,#1647,#1648,#1649,
#1650,#1651,#1652,#1653,#1654,#1655,#1656,#1657,#1658,#1659,#1660,#1661,
#1662,#1663,#1664,#1665,#1666,#1667,#1668,#1669,#1670,#1671,#1672,#1673,
#1674,#1675,#1676,#1677,#1678,#1679,#1680,#1681,#1682,#1683,#1684,#1685,
#1686,#1687,#1688,#1689,#1690,#1691,#1692,#1693,#1694,#1695,#1696,#1697,
#1698,#1699,#1700,#1701,#1702,#1703,#1704,#1705,#1706,#1707,#1708,#1709,
#1710,#1711,#1712,#1713,#1714,#1715,#1716,#1717,#1718,#1719,#1720,#1721,
#1722,#1723,#1724,#1725,#1726,#1727,#1728,#1729,#1730,#1731,#1732,#1733,
#1734,#1735,#1736,#1737,#1738));
#1740=DERIVED_UNIT_ELEMENT(#1742,1.);
#1741=DERIVED_UNIT_ELEMENT(#2809,-3.);
#1742=(
MASS_UNIT()
NAMED_UNIT(*)
SI_UNIT(.KILO.,.GRAM.)
);
#1743=DERIVED_UNIT((#1740,#1741));
#1744=MEASURE_REPRESENTATION_ITEM('density measure',
POSITIVE_RATIO_MEASURE(7850.),#1743);
#1745=PROPERTY_DEFINITION_REPRESENTATION(#1750,#1747);
#1746=PROPERTY_DEFINITION_REPRESENTATION(#1751,#1748);
#1747=REPRESENTATION('material name',(#1749),#2806);
#1748=REPRESENTATION('density',(#1744),#2806);
#1749=DESCRIPTIVE_REPRESENTATION_ITEM('Stahl','Stahl');
#1750=PROPERTY_DEFINITION('material property','material name',#2816);
#1751=PROPERTY_DEFINITION('material property','density of part',#2816);
#1752=AXIS2_PLACEMENT_3D('',#2321,#1872,#1873);
#1753=AXIS2_PLACEMENT_3D('',#2322,#1874,#1875);
#1754=AXIS2_PLACEMENT_3D('',#2331,#1880,#1881);
#1755=AXIS2_PLACEMENT_3D('',#2337,#1885,#1886);
#1756=AXIS2_PLACEMENT_3D('',#2343,#1890,#1891);
#1757=AXIS2_PLACEMENT_3D('',#2349,#1895,#1896);
#1758=AXIS2_PLACEMENT_3D('',#2355,#1900,#1901);
#1759=AXIS2_PLACEMENT_3D('',#2358,#1904,#1905);
#1760=AXIS2_PLACEMENT_3D('',#2359,#1906,#1907);
#1761=AXIS2_PLACEMENT_3D('',#2368,#1912,#1913);
#1762=AXIS2_PLACEMENT_3D('',#2374,#1917,#1918);
#1763=AXIS2_PLACEMENT_3D('',#2380,#1922,#1923);
#1764=AXIS2_PLACEMENT_3D('',#2386,#1927,#1928);
#1765=AXIS2_PLACEMENT_3D('',#2392,#1932,#1933);
#1766=AXIS2_PLACEMENT_3D('',#2395,#1936,#1937);
#1767=AXIS2_PLACEMENT_3D('',#2396,#1938,#1939);
#1768=AXIS2_PLACEMENT_3D('',#2405,#1944,#1945);
#1769=AXIS2_PLACEMENT_3D('',#2411,#1949,#1950);
#1770=AXIS2_PLACEMENT_3D('',#2417,#1954,#1955);
#1771=AXIS2_PLACEMENT_3D('',#2423,#1959,#1960);
#1772=AXIS2_PLACEMENT_3D('',#2429,#1964,#1965);
#1773=AXIS2_PLACEMENT_3D('',#2432,#1968,#1969);
#1774=AXIS2_PLACEMENT_3D('',#2433,#1970,#1971);
#1775=AXIS2_PLACEMENT_3D('',#2435,#1972,#1973);
#1776=AXIS2_PLACEMENT_3D('',#2438,#1975,#1976);
#1777=AXIS2_PLACEMENT_3D('',#2439,#1977,#1978);
#1778=AXIS2_PLACEMENT_3D('',#2440,#1979,#1980);
#1779=AXIS2_PLACEMENT_3D('',#2449,#1985,#1986);
#1780=AXIS2_PLACEMENT_3D('',#2455,#1990,#1991);
#1781=AXIS2_PLACEMENT_3D('',#2461,#1995,#1996);
#1782=AXIS2_PLACEMENT_3D('',#2467,#2000,#2001);
#1783=AXIS2_PLACEMENT_3D('',#2473,#2005,#2006);
#1784=AXIS2_PLACEMENT_3D('',#2476,#2009,#2010);
#1785=AXIS2_PLACEMENT_3D('',#2477,#2011,#2012);
#1786=AXIS2_PLACEMENT_3D('',#2486,#2017,#2018);
#1787=AXIS2_PLACEMENT_3D('',#2492,#2022,#2023);
#1788=AXIS2_PLACEMENT_3D('',#2498,#2027,#2028);
#1789=AXIS2_PLACEMENT_3D('',#2504,#2032,#2033);
#1790=AXIS2_PLACEMENT_3D('',#2510,#2037,#2038);
#1791=AXIS2_PLACEMENT_3D('',#2513,#2041,#2042);
#1792=AXIS2_PLACEMENT_3D('',#2514,#2043,#2044);
#1793=AXIS2_PLACEMENT_3D('',#2523,#2049,#2050);
#1794=AXIS2_PLACEMENT_3D('',#2529,#2054,#2055);
#1795=AXIS2_PLACEMENT_3D('',#2535,#2059,#2060);
#1796=AXIS2_PLACEMENT_3D('',#2541,#2064,#2065);
#1797=AXIS2_PLACEMENT_3D('',#2547,#2069,#2070);
#1798=AXIS2_PLACEMENT_3D('',#2550,#2073,#2074);
#1799=AXIS2_PLACEMENT_3D('',#2551,#2075,#2076);
#1800=AXIS2_PLACEMENT_3D('',#2560,#2081,#2082);
#1801=AXIS2_PLACEMENT_3D('',#2566,#2086,#2087);
#1802=AXIS2_PLACEMENT_3D('',#2572,#2091,#2092);
#1803=AXIS2_PLACEMENT_3D('',#2578,#2096,#2097);
#1804=AXIS2_PLACEMENT_3D('',#2584,#2101,#2102);
#1805=AXIS2_PLACEMENT_3D('',#2587,#2105,#2106);
#1806=AXIS2_PLACEMENT_3D('',#2588,#2107,#2108);
#1807=AXIS2_PLACEMENT_3D('',#2590,#2109,#2110);
#1808=AXIS2_PLACEMENT_3D('',#2593,#2112,#2113);
#1809=AXIS2_PLACEMENT_3D('',#2594,#2114,#2115);
#1810=AXIS2_PLACEMENT_3D('',#2595,#2116,#2117);
#1811=AXIS2_PLACEMENT_3D('',#2597,#2118,#2119);
#1812=AXIS2_PLACEMENT_3D('',#2600,#2121,#2122);
#1813=AXIS2_PLACEMENT_3D('',#2601,#2123,#2124);
#1814=AXIS2_PLACEMENT_3D('',#2602,#2125,#2126);
#1815=AXIS2_PLACEMENT_3D('',#2604,#2127,#2128);
#1816=AXIS2_PLACEMENT_3D('',#2607,#2130,#2131);
#1817=AXIS2_PLACEMENT_3D('',#2608,#2132,#2133);
#1818=AXIS2_PLACEMENT_3D('',#2609,#2134,#2135);
#1819=AXIS2_PLACEMENT_3D('',#2611,#2136,#2137);
#1820=AXIS2_PLACEMENT_3D('',#2614,#2139,#2140);
#1821=AXIS2_PLACEMENT_3D('',#2615,#2141,#2142);
#1822=AXIS2_PLACEMENT_3D('',#2616,#2143,#2144);
#1823=AXIS2_PLACEMENT_3D('',#2618,#2145,#2146);
#1824=AXIS2_PLACEMENT_3D('',#2621,#2148,#2149);
#1825=AXIS2_PLACEMENT_3D('',#2622,#2150,#2151);
#1826=AXIS2_PLACEMENT_3D('',#2623,#2152,#2153);
#1827=AXIS2_PLACEMENT_3D('',#2625,#2154,#2155);
#1828=AXIS2_PLACEMENT_3D('',#2628,#2157,#2158);
#1829=AXIS2_PLACEMENT_3D('',#2629,#2159,#2160);
#1830=AXIS2_PLACEMENT_3D('',#2630,#2161,#2162);
#1831=AXIS2_PLACEMENT_3D('',#2632,#2163,#2164);
#1832=AXIS2_PLACEMENT_3D('',#2635,#2166,#2167);
#1833=AXIS2_PLACEMENT_3D('',#2636,#2168,#2169);
#1834=AXIS2_PLACEMENT_3D('',#2637,#2170,#2171);
#1835=AXIS2_PLACEMENT_3D('',#2639,#2172,#2173);
#1836=AXIS2_PLACEMENT_3D('',#2642,#2175,#2176);
#1837=AXIS2_PLACEMENT_3D('',#2643,#2177,#2178);
#1838=AXIS2_PLACEMENT_3D('',#2644,#2179,#2180);
#1839=AXIS2_PLACEMENT_3D('',#2646,#2181,#2182);
#1840=AXIS2_PLACEMENT_3D('',#2649,#2184,#2185);
#1841=AXIS2_PLACEMENT_3D('',#2650,#2186,#2187);
#1842=AXIS2_PLACEMENT_3D('',#2651,#2188,#2189);
#1843=AXIS2_PLACEMENT_3D('',#2653,#2190,#2191);
#1844=AXIS2_PLACEMENT_3D('',#2656,#2193,#2194);
#1845=AXIS2_PLACEMENT_3D('',#2657,#2195,#2196);
#1846=AXIS2_PLACEMENT_3D('',#2658,#2197,#2198);
#1847=AXIS2_PLACEMENT_3D('',#2667,#2203,#2204);
#1848=AXIS2_PLACEMENT_3D('',#2676,#2209,#2210);
#1849=AXIS2_PLACEMENT_3D('',#2711,#2229,#2230);
#1850=AXIS2_PLACEMENT_3D('',#2715,#2233,#2234);
#1851=AXIS2_PLACEMENT_3D('',#2717,#2236,#2237);
#1852=AXIS2_PLACEMENT_3D('',#2721,#2240,#2241);
#1853=AXIS2_PLACEMENT_3D('',#2727,#2245,#2246);
#1854=AXIS2_PLACEMENT_3D('',#2733,#2250,#2251);
#1855=AXIS2_PLACEMENT_3D('',#2737,#2254,#2255);
#1856=AXIS2_PLACEMENT_3D('',#2739,#2257,#2258);
#1857=AXIS2_PLACEMENT_3D('',#2743,#2261,#2262);
#1858=AXIS2_PLACEMENT_3D('',#2749,#2266,#2267);
#1859=AXIS2_PLACEMENT_3D('',#2755,#2271,#2272);
#1860=AXIS2_PLACEMENT_3D('',#2759,#2275,#2276);
#1861=AXIS2_PLACEMENT_3D('',#2761,#2278,#2279);
#1862=AXIS2_PLACEMENT_3D('',#2765,#2282,#2283);
#1863=AXIS2_PLACEMENT_3D('',#2771,#2287,#2288);
#1864=AXIS2_PLACEMENT_3D('',#2777,#2292,#2293);
#1865=AXIS2_PLACEMENT_3D('',#2781,#2296,#2297);
#1866=AXIS2_PLACEMENT_3D('',#2783,#2299,#2300);
#1867=AXIS2_PLACEMENT_3D('',#2787,#2303,#2304);
#1868=AXIS2_PLACEMENT_3D('',#2793,#2308,#2309);
#1869=AXIS2_PLACEMENT_3D('',#2797,#2312,#2313);
#1870=AXIS2_PLACEMENT_3D('',#2801,#2316,#2317);
#1871=AXIS2_PLACEMENT_3D('',#2803,#2319,#2320);
#1872=DIRECTION('axis',(0.,0.,1.));
#1873=DIRECTION('refdir',(1.,0.,0.));
#1874=DIRECTION('center_axis',(0.642787636506392,-0.766044420614449,0.));
#1875=DIRECTION('ref_axis',(-0.766044420614449,-0.642787636506392,0.));
#1876=DIRECTION('',(-0.766044420614449,-0.642787636506392,0.));
#1877=DIRECTION('',(0.,0.,-1.));
#1878=DIRECTION('',(-0.766044420614449,-0.642787636506392,0.));
#1879=DIRECTION('',(0.,0.,-1.));
#1880=DIRECTION('center_axis',(0.984807753219491,-0.17364817649137,0.));
#1881=DIRECTION('ref_axis',(-0.17364817649137,-0.984807753219491,0.));
#1882=DIRECTION('',(-0.17364817649137,-0.984807753219491,0.));
#1883=DIRECTION('',(0.,0.,-1.));
#1884=DIRECTION('',(-0.17364817649137,-0.984807753219491,0.));
#1885=DIRECTION('center_axis',(0.766044440413972,0.64278761291024,0.));
#1886=DIRECTION('ref_axis',(0.64278761291024,-0.766044440413972,0.));
#1887=DIRECTION('',(0.64278761291024,-0.766044440413972,0.));
#1888=DIRECTION('',(0.,0.,-1.));
#1889=DIRECTION('',(0.64278761291024,-0.766044440413972,0.));
#1890=DIRECTION('center_axis',(-0.642787612910444,0.766044440413801,0.));
#1891=DIRECTION('ref_axis',(0.766044440413801,0.642787612910444,0.));
#1892=DIRECTION('',(0.766044440413801,0.642787612910444,0.));
#1893=DIRECTION('',(0.,0.,-1.));
#1894=DIRECTION('',(0.766044440413801,0.642787612910444,0.));
#1895=DIRECTION('center_axis',(-0.984807752876077,0.17364817843897,0.));
#1896=DIRECTION('ref_axis',(0.17364817843897,0.984807752876077,0.));
#1897=DIRECTION('',(0.17364817843897,0.984807752876077,0.));
#1898=DIRECTION('',(0.,0.,-1.));
#1899=DIRECTION('',(0.17364817843897,0.984807752876076,0.));
#1900=DIRECTION('center_axis',(-0.766044420611601,-0.642787636509786,0.));
#1901=DIRECTION('ref_axis',(-0.642787636509786,0.766044420611601,0.));
#1902=DIRECTION('',(-0.642787636509786,0.766044420611601,0.));
#1903=DIRECTION('',(-0.642787636509786,0.766044420611601,0.));
#1904=DIRECTION('center_axis',(0.,0.,-1.));
#1905=DIRECTION('ref_axis',(-1.,0.,0.));
#1906=DIRECTION('center_axis',(0.98480775293705,-0.173648178093172,0.));
#1907=DIRECTION('ref_axis',(-0.173648178093172,-0.98480775293705,0.));
#1908=DIRECTION('',(-0.173648178093172,-0.98480775293705,0.));
#1909=DIRECTION('',(0.,0.,-1.));
#1910=DIRECTION('',(-0.173648178093172,-0.98480775293705,0.));
#1911=DIRECTION('',(0.,0.,-1.));
#1912=DIRECTION('center_axis',(0.766044443476139,0.642787609260891,0.));
#1913=DIRECTION('ref_axis',(0.642787609260891,-0.766044443476139,0.));
#1914=DIRECTION('',(0.642787609260891,-0.766044443476139,0.));
#1915=DIRECTION('',(0.,0.,-1.));
#1916=DIRECTION('',(0.642787609260891,-0.766044443476139,0.));
#1917=DIRECTION('center_axis',(-0.642787609686424,0.766044443119075,0.));
#1918=DIRECTION('ref_axis',(0.766044443119075,0.642787609686424,0.));
#1919=DIRECTION('',(0.766044443119075,0.642787609686424,0.));
#1920=DIRECTION('',(0.,0.,-1.));
#1921=DIRECTION('',(0.766044443119075,0.642787609686424,0.));
#1922=DIRECTION('center_axis',(-0.98480775301221,0.173648177666921,0.));
#1923=DIRECTION('ref_axis',(0.173648177666921,0.98480775301221,0.));
#1924=DIRECTION('',(0.173648177666921,0.98480775301221,0.));
#1925=DIRECTION('',(0.,0.,-1.));
#1926=DIRECTION('',(0.173648177666921,0.98480775301221,0.));
#1927=DIRECTION('center_axis',(-0.76604443990529,-0.642787613516464,0.));
#1928=DIRECTION('ref_axis',(-0.642787613516464,0.76604443990529,0.));
#1929=DIRECTION('',(-0.642787613516464,0.76604443990529,0.));
#1930=DIRECTION('',(0.,0.,-1.));
#1931=DIRECTION('',(-0.642787613516464,0.76604443990529,0.));
#1932=DIRECTION('center_axis',(0.642787612910313,-0.766044440413911,0.));
#1933=DIRECTION('ref_axis',(-0.766044440413911,-0.642787612910313,0.));
#1934=DIRECTION('',(-0.766044440413911,-0.642787612910313,0.));
#1935=DIRECTION('',(-0.766044440413911,-0.642787612910313,0.));
#1936=DIRECTION('center_axis',(0.,0.,-1.));
#1937=DIRECTION('ref_axis',(-1.,0.,0.));
#1938=DIRECTION('center_axis',(0.,-1.,0.));
#1939=DIRECTION('ref_axis',(-1.,0.,0.));
#1940=DIRECTION('',(-1.,0.,0.));
#1941=DIRECTION('',(0.,0.,-1.));
#1942=DIRECTION('',(-1.,0.,0.));
#1943=DIRECTION('',(0.,0.,-1.));
#1944=DIRECTION('center_axis',(0.642787612910321,-0.766044440413904,0.));
#1945=DIRECTION('ref_axis',(-0.766044440413904,-0.642787612910321,0.));
#1946=DIRECTION('',(-0.766044440413904,-0.642787612910321,0.));
#1947=DIRECTION('',(0.,0.,-1.));
#1948=DIRECTION('',(-0.766044440413904,-0.642787612910321,0.));
#1949=DIRECTION('center_axis',(0.76604444041394,0.642787612910278,0.));
#1950=DIRECTION('ref_axis',(0.642787612910278,-0.76604444041394,0.));
#1951=DIRECTION('',(0.642787612910278,-0.76604444041394,0.));
#1952=DIRECTION('',(0.,0.,-1.));
#1953=DIRECTION('',(0.642787612910278,-0.76604444041394,0.));
#1954=DIRECTION('center_axis',(2.55071369391614E-16,1.,0.));
#1955=DIRECTION('ref_axis',(1.,-2.55071369391614E-16,0.));
#1956=DIRECTION('',(1.,-2.55071369391614E-16,0.));
#1957=DIRECTION('',(0.,0.,-1.));
#1958=DIRECTION('',(1.,-2.55071369391614E-16,0.));
#1959=DIRECTION('center_axis',(-0.642787612910312,0.766044440413912,0.));
#1960=DIRECTION('ref_axis',(0.766044440413912,0.642787612910312,0.));
#1961=DIRECTION('',(0.766044440413912,0.642787612910312,0.));
#1962=DIRECTION('',(0.,0.,-1.));
#1963=DIRECTION('',(0.766044440413912,0.642787612910312,0.));
#1964=DIRECTION('center_axis',(-0.766044439988505,-0.642787613417292,0.));
#1965=DIRECTION('ref_axis',(-0.642787613417292,0.766044439988505,0.));
#1966=DIRECTION('',(-0.642787613417292,0.766044439988505,0.));
#1967=DIRECTION('',(-0.642787613417292,0.766044439988505,0.));
#1968=DIRECTION('center_axis',(0.,0.,-1.));
#1969=DIRECTION('ref_axis',(-1.,0.,0.));
#1970=DIRECTION('center_axis',(0.,0.,-1.));
#1971=DIRECTION('ref_axis',(-1.,0.,0.));
#1972=DIRECTION('center_axis',(0.,0.,-1.));
#1973=DIRECTION('ref_axis',(-1.,0.,0.));
#1974=DIRECTION('',(0.,0.,-1.));
#1975=DIRECTION('center_axis',(0.,0.,-1.));
#1976=DIRECTION('ref_axis',(-1.,0.,0.));
#1977=DIRECTION('center_axis',(0.,0.,1.));
#1978=DIRECTION('ref_axis',(-1.,0.,0.));
#1979=DIRECTION('center_axis',(0.766044420611586,0.642787636509804,0.));
#1980=DIRECTION('ref_axis',(0.642787636509804,-0.766044420611586,0.));
#1981=DIRECTION('',(0.642787636509804,-0.766044420611586,0.));
#1982=DIRECTION('',(0.,0.,-1.));
#1983=DIRECTION('',(0.642787636509804,-0.766044420611586,0.));
#1984=DIRECTION('',(0.,0.,-1.));
#1985=DIRECTION('center_axis',(0.,1.,0.));
#1986=DIRECTION('ref_axis',(1.,0.,0.));
#1987=DIRECTION('',(1.,0.,0.));
#1988=DIRECTION('',(0.,0.,-1.));
#1989=DIRECTION('',(1.,0.,0.));
#1990=DIRECTION('center_axis',(-0.64278760983375,0.766044442995454,0.));
#1991=DIRECTION('ref_axis',(0.766044442995454,0.64278760983375,0.));
#1992=DIRECTION('',(0.766044442995454,0.64278760983375,0.));
#1993=DIRECTION('',(0.,0.,-1.));
#1994=DIRECTION('',(0.766044442995454,0.64278760983375,0.));
#1995=DIRECTION('center_axis',(-0.766044430772018,-0.642787624401073,0.));
#1996=DIRECTION('ref_axis',(-0.642787624401073,0.766044430772018,0.));
#1997=DIRECTION('',(-0.642787624401073,0.766044430772018,0.));
#1998=DIRECTION('',(0.,0.,-1.));
#1999=DIRECTION('',(-0.642787624401073,0.766044430772018,0.));
#2000=DIRECTION('center_axis',(0.,-1.,0.));
#2001=DIRECTION('ref_axis',(-1.,0.,0.));
#2002=DIRECTION('',(-1.,0.,0.));
#2003=DIRECTION('',(0.,0.,-1.));
#2004=DIRECTION('',(-1.,0.,0.));
#2005=DIRECTION('center_axis',(0.642787629407651,-0.766044426571,0.));
#2006=DIRECTION('ref_axis',(-0.766044426571,-0.642787629407651,0.));
#2007=DIRECTION('',(-0.766044426571,-0.642787629407651,0.));
#2008=DIRECTION('',(-0.766044426571,-0.642787629407651,0.));
#2009=DIRECTION('center_axis',(0.,0.,-1.));
#2010=DIRECTION('ref_axis',(-1.,0.,0.));
#2011=DIRECTION('center_axis',(-0.766044443476137,-0.642787609260894,0.));
#2012=DIRECTION('ref_axis',(-0.642787609260894,0.766044443476137,0.));
#2013=DIRECTION('',(-0.642787609260894,0.766044443476137,0.));
#2014=DIRECTION('',(0.,0.,-1.));
#2015=DIRECTION('',(-0.642787609260894,0.766044443476137,0.));
#2016=DIRECTION('',(0.,0.,-1.));
#2017=DIRECTION('center_axis',(-4.28519900682971E-15,-1.,0.));
#2018=DIRECTION('ref_axis',(-1.,4.28519900682971E-15,0.));
#2019=DIRECTION('',(-1.,4.28519900682971E-15,0.));
#2020=DIRECTION('',(0.,0.,-1.));
#2021=DIRECTION('',(-1.,4.28519900682971E-15,0.));
#2022=DIRECTION('center_axis',(0.642787609686788,-0.766044443118769,0.));
#2023=DIRECTION('ref_axis',(-0.766044443118769,-0.642787609686788,0.));
#2024=DIRECTION('',(-0.766044443118769,-0.642787609686788,0.));
#2025=DIRECTION('',(0.,0.,-1.));
#2026=DIRECTION('',(-0.766044443118769,-0.642787609686788,0.));
#2027=DIRECTION('center_axis',(0.766044442253911,0.642787610717486,0.));
#2028=DIRECTION('ref_axis',(0.642787610717486,-0.766044442253911,0.));
#2029=DIRECTION('',(0.642787610717486,-0.766044442253911,0.));
#2030=DIRECTION('',(0.,0.,-1.));
#2031=DIRECTION('',(0.642787610717486,-0.766044442253911,0.));
#2032=DIRECTION('center_axis',(0.,1.,0.));
#2033=DIRECTION('ref_axis',(1.,0.,0.));
#2034=DIRECTION('',(1.,0.,0.));
#2035=DIRECTION('',(0.,0.,-1.));
#2036=DIRECTION('',(1.,0.,0.));
#2037=DIRECTION('center_axis',(-0.642787609081469,0.766044443626692,0.));
#2038=DIRECTION('ref_axis',(0.766044443626692,0.642787609081469,0.));
#2039=DIRECTION('',(0.766044443626692,0.642787609081469,0.));
#2040=DIRECTION('',(0.766044443626692,0.642787609081469,0.));
#2041=DIRECTION('center_axis',(0.,0.,-1.));
#2042=DIRECTION('ref_axis',(-1.,0.,0.));
#2043=DIRECTION('center_axis',(0.984807751473231,-0.173648186394903,0.));
#2044=DIRECTION('ref_axis',(-0.173648186394903,-0.984807751473231,0.));
#2045=DIRECTION('',(-0.173648186394903,-0.984807751473231,0.));
#2046=DIRECTION('',(0.,0.,-1.));
#2047=DIRECTION('',(-0.173648186394903,-0.984807751473231,0.));
#2048=DIRECTION('',(0.,0.,-1.));
#2049=DIRECTION('center_axis',(0.766044439988506,0.642787613417291,0.));
#2050=DIRECTION('ref_axis',(0.642787613417291,-0.766044439988506,0.));
#2051=DIRECTION('',(0.642787613417291,-0.766044439988506,0.));
#2052=DIRECTION('',(0.,0.,-1.));
#2053=DIRECTION('',(0.642787613417291,-0.766044439988506,0.));
#2054=DIRECTION('center_axis',(-0.642787613418541,0.766044439987457,0.));
#2055=DIRECTION('ref_axis',(0.766044439987457,0.642787613418541,0.));
#2056=DIRECTION('',(0.766044439987457,0.642787613418541,0.));
#2057=DIRECTION('',(0.,0.,-1.));
#2058=DIRECTION('',(0.766044439987457,0.642787613418541,0.));
#2059=DIRECTION('center_axis',(-0.984807753012207,0.173648177666939,0.));
#2060=DIRECTION('ref_axis',(0.173648177666939,0.984807753012207,0.));
#2061=DIRECTION('',(0.173648177666939,0.984807753012207,0.));
#2062=DIRECTION('',(0.,0.,-1.));
#2063=DIRECTION('',(0.173648177666939,0.984807753012207,0.));
#2064=DIRECTION('center_axis',(-0.76604442061413,-0.642787636506772,0.));
#2065=DIRECTION('ref_axis',(-0.642787636506772,0.76604442061413,0.));
#2066=DIRECTION('',(-0.642787636506772,0.76604442061413,0.));
#2067=DIRECTION('',(0.,0.,-1.));
#2068=DIRECTION('',(-0.642787636506772,0.76604442061413,0.));
#2069=DIRECTION('center_axis',(0.642787609833761,-0.766044442995444,0.));
#2070=DIRECTION('ref_axis',(-0.766044442995444,-0.642787609833761,0.));
#2071=DIRECTION('',(-0.766044442995444,-0.642787609833761,0.));
#2072=DIRECTION('',(-0.766044442995444,-0.642787609833761,0.));
#2073=DIRECTION('center_axis',(0.,0.,-1.));
#2074=DIRECTION('ref_axis',(-1.,0.,0.));
#2075=DIRECTION('center_axis',(0.642787616692897,-0.766044437239946,0.));
#2076=DIRECTION('ref_axis',(-0.766044437239946,-0.642787616692897,0.));
#2077=DIRECTION('',(-0.766044437239946,-0.642787616692897,0.));
#2078=DIRECTION('',(0.,0.,-1.));
#2079=DIRECTION('',(-0.766044437239946,-0.642787616692897,0.));
#2080=DIRECTION('',(0.,0.,-1.));
#2081=DIRECTION('center_axis',(0.984807753012208,-0.173648177666929,0.));
#2082=DIRECTION('ref_axis',(-0.173648177666929,-0.984807753012208,0.));
#2083=DIRECTION('',(-0.173648177666929,-0.984807753012208,0.));
#2084=DIRECTION('',(0.,0.,-1.));
#2085=DIRECTION('',(-0.173648177666929,-0.984807753012208,0.));
#2086=DIRECTION('center_axis',(0.766044443118907,0.642787609686624,0.));
#2087=DIRECTION('ref_axis',(0.642787609686624,-0.766044443118907,0.));
#2088=DIRECTION('',(0.642787609686624,-0.766044443118907,0.));
#2089=DIRECTION('',(0.,0.,-1.));
#2090=DIRECTION('',(0.642787609686624,-0.766044443118907,0.));
#2091=DIRECTION('center_axis',(-0.642787609686772,0.766044443118783,0.));
#2092=DIRECTION('ref_axis',(0.766044443118783,0.642787609686772,0.));
#2093=DIRECTION('',(0.766044443118783,0.642787609686772,0.));
#2094=DIRECTION('',(0.,0.,-1.));
#2095=DIRECTION('',(0.766044443118783,0.642787609686772,0.));
#2096=DIRECTION('center_axis',(-0.984807753048504,0.173648177461086,0.));
#2097=DIRECTION('ref_axis',(0.173648177461086,0.984807753048504,0.));
#2098=DIRECTION('',(0.173648177461086,0.984807753048504,0.));
#2099=DIRECTION('',(0.,0.,-1.));
#2100=DIRECTION('',(0.173648177461086,0.984807753048504,0.));
#2101=DIRECTION('center_axis',(-0.766044440413941,-0.642787612910277,0.));
#2102=DIRECTION('ref_axis',(-0.642787612910277,0.766044440413941,0.));
#2103=DIRECTION('',(-0.642787612910277,0.766044440413941,0.));
#2104=DIRECTION('',(-0.642787612910277,0.766044440413941,0.));
#2105=DIRECTION('center_axis',(0.,0.,-1.));
#2106=DIRECTION('ref_axis',(-1.,0.,0.));
#2107=DIRECTION('center_axis',(0.,0.,1.));
#2108=DIRECTION('ref_axis',(1.,0.,0.));
#2109=DIRECTION('center_axis',(0.,0.,1.));
#2110=DIRECTION('ref_axis',(1.,0.,0.));
#2111=DIRECTION('',(0.,0.,1.));
#2112=DIRECTION('center_axis',(0.,0.,1.));
#2113=DIRECTION('ref_axis',(1.,0.,0.));
#2114=DIRECTION('center_axis',(0.,0.,1.));
#2115=DIRECTION('ref_axis',(1.,0.,0.));
#2116=DIRECTION('center_axis',(0.,0.,1.));
#2117=DIRECTION('ref_axis',(1.,0.,0.));
#2118=DIRECTION('center_axis',(0.,0.,1.));
#2119=DIRECTION('ref_axis',(1.,0.,0.));
#2120=DIRECTION('',(0.,0.,1.));
#2121=DIRECTION('center_axis',(0.,0.,1.));
#2122=DIRECTION('ref_axis',(1.,0.,0.));
#2123=DIRECTION('center_axis',(0.,0.,1.));
#2124=DIRECTION('ref_axis',(1.,0.,0.));
#2125=DIRECTION('center_axis',(0.,0.,1.));
#2126=DIRECTION('ref_axis',(1.,0.,0.));
#2127=DIRECTION('center_axis',(0.,0.,1.));
#2128=DIRECTION('ref_axis',(1.,0.,0.));
#2129=DIRECTION('',(0.,0.,1.));
#2130=DIRECTION('center_axis',(0.,0.,1.));
#2131=DIRECTION('ref_axis',(1.,0.,0.));
#2132=DIRECTION('center_axis',(0.,0.,1.));
#2133=DIRECTION('ref_axis',(1.,0.,0.));
#2134=DIRECTION('center_axis',(0.,0.,1.));
#2135=DIRECTION('ref_axis',(1.,0.,0.));
#2136=DIRECTION('center_axis',(0.,0.,1.));
#2137=DIRECTION('ref_axis',(1.,0.,0.));
#2138=DIRECTION('',(0.,0.,1.));
#2139=DIRECTION('center_axis',(0.,0.,1.));
#2140=DIRECTION('ref_axis',(1.,0.,0.));
#2141=DIRECTION('center_axis',(0.,0.,1.));
#2142=DIRECTION('ref_axis',(1.,0.,0.));
#2143=DIRECTION('center_axis',(0.,0.,1.));
#2144=DIRECTION('ref_axis',(1.,0.,0.));
#2145=DIRECTION('center_axis',(0.,0.,1.));
#2146=DIRECTION('ref_axis',(1.,0.,0.));
#2147=DIRECTION('',(0.,0.,1.));
#2148=DIRECTION('center_axis',(0.,0.,1.));
#2149=DIRECTION('ref_axis',(1.,0.,0.));
#2150=DIRECTION('center_axis',(0.,0.,1.));
#2151=DIRECTION('ref_axis',(1.,0.,0.));
#2152=DIRECTION('center_axis',(0.,0.,-1.));
#2153=DIRECTION('ref_axis',(1.,0.,0.));
#2154=DIRECTION('center_axis',(0.,0.,-1.));
#2155=DIRECTION('ref_axis',(1.,0.,0.));
#2156=DIRECTION('',(0.,0.,1.));
#2157=DIRECTION('center_axis',(0.,0.,1.));
#2158=DIRECTION('ref_axis',(1.,0.,0.));
#2159=DIRECTION('center_axis',(0.,0.,-1.));
#2160=DIRECTION('ref_axis',(1.,0.,0.));
#2161=DIRECTION('center_axis',(0.,0.,-1.));
#2162=DIRECTION('ref_axis',(1.,0.,0.));
#2163=DIRECTION('center_axis',(0.,0.,-1.));
#2164=DIRECTION('ref_axis',(1.,0.,0.));
#2165=DIRECTION('',(0.,0.,1.));
#2166=DIRECTION('center_axis',(0.,0.,1.));
#2167=DIRECTION('ref_axis',(1.,0.,0.));
#2168=DIRECTION('center_axis',(0.,0.,-1.));
#2169=DIRECTION('ref_axis',(1.,0.,0.));
#2170=DIRECTION('center_axis',(0.,0.,-1.));
#2171=DIRECTION('ref_axis',(1.,0.,0.));
#2172=DIRECTION('center_axis',(0.,0.,-1.));
#2173=DIRECTION('ref_axis',(1.,0.,0.));
#2174=DIRECTION('',(0.,0.,1.));
#2175=DIRECTION('center_axis',(0.,0.,1.));
#2176=DIRECTION('ref_axis',(1.,0.,0.));
#2177=DIRECTION('center_axis',(0.,0.,-1.));
#2178=DIRECTION('ref_axis',(1.,0.,0.));
#2179=DIRECTION('center_axis',(0.,0.,-1.));
#2180=DIRECTION('ref_axis',(1.,0.,0.));
#2181=DIRECTION('center_axis',(0.,0.,-1.));
#2182=DIRECTION('ref_axis',(1.,0.,0.));
#2183=DIRECTION('',(0.,0.,1.));
#2184=DIRECTION('center_axis',(0.,0.,1.));
#2185=DIRECTION('ref_axis',(1.,0.,0.));
#2186=DIRECTION('center_axis',(0.,0.,-1.));
#2187=DIRECTION('ref_axis',(1.,0.,0.));
#2188=DIRECTION('center_axis',(0.,0.,-1.));
#2189=DIRECTION('ref_axis',(1.,0.,0.));
#2190=DIRECTION('center_axis',(0.,0.,-1.));
#2191=DIRECTION('ref_axis',(1.,0.,0.));
#2192=DIRECTION('',(0.,0.,1.));
#2193=DIRECTION('center_axis',(0.,0.,1.));
#2194=DIRECTION('ref_axis',(1.,0.,0.));
#2195=DIRECTION('center_axis',(0.,0.,-1.));
#2196=DIRECTION('ref_axis',(1.,0.,0.));
#2197=DIRECTION('center_axis',(0.707106781186547,0.,-0.707106781186548));
#2198=DIRECTION('ref_axis',(-0.707106781186548,0.,-0.707106781186547));
#2199=DIRECTION('',(-0.707106781186548,0.,-0.707106781186547));
#2200=DIRECTION('',(0.,-1.,0.));
#2201=DIRECTION('',(0.707106781186548,-1.09034198519707E-16,0.707106781186547));
#2202=DIRECTION('',(0.,-1.,0.));
#2203=DIRECTION('center_axis',(0.,-0.707106781186547,-0.707106781186548));
#2204=DIRECTION('ref_axis',(-1.,0.,0.));
#2205=DIRECTION('',(0.,-0.707106781186548,0.707106781186547));
#2206=DIRECTION('',(-1.,0.,0.));
#2207=DIRECTION('',(-1.15447974903219E-16,0.707106781186548,-0.707106781186547));
#2208=DIRECTION('',(-1.,0.,0.));
#2209=DIRECTION('center_axis',(0.,0.,1.));
#2210=DIRECTION('ref_axis',(1.,0.,0.));
#2211=DIRECTION('',(1.,-1.54197642309049E-16,0.));
#2212=DIRECTION('',(0.,1.,0.));
#2213=DIRECTION('',(1.,0.,0.));
#2214=DIRECTION('',(0.,-1.,0.));
#2215=DIRECTION('',(-1.,0.,0.));
#2216=DIRECTION('',(0.,-1.,0.));
#2217=DIRECTION('',(1.,0.,0.));
#2218=DIRECTION('',(0.,-1.,0.));
#2219=DIRECTION('',(-1.,0.,0.));
#2220=DIRECTION('',(0.,1.,0.));
#2221=DIRECTION('',(-1.,3.08395284618099E-16,0.));
#2222=DIRECTION('',(0.,-1.,0.));
#2223=DIRECTION('',(-1.,0.,0.));
#2224=DIRECTION('',(0.,1.,0.));
#2225=DIRECTION('',(1.,0.,0.));
#2226=DIRECTION('',(-1.63268091856641E-16,1.,0.));
#2227=DIRECTION('',(0.,1.,0.));
#2228=DIRECTION('',(1.,0.,0.));
#2229=DIRECTION('center_axis',(1.,0.,0.));
#2230=DIRECTION('ref_axis',(0.,-1.,0.));
#2231=DIRECTION('',(0.,-1.,0.));
#2232=DIRECTION('',(0.,0.,-1.));
#2233=DIRECTION('center_axis',(0.,-1.,0.));
#2234=DIRECTION('ref_axis',(-1.,0.,0.));
#2235=DIRECTION('',(-1.,0.,0.));
#2236=DIRECTION('center_axis',(0.,0.,-1.));
#2237=DIRECTION('ref_axis',(1.,0.,0.));
#2238=DIRECTION('',(0.,1.,0.));
#2239=DIRECTION('',(1.,-3.08395284618099E-16,0.));
#2240=DIRECTION('center_axis',(-0.707106781186547,0.,-0.707106781186548));
#2241=DIRECTION('ref_axis',(-0.707106781186548,0.,0.707106781186547));
#2242=DIRECTION('',(-0.707106781186548,0.,0.707106781186547));
#2243=DIRECTION('',(0.707106781186548,-1.09034198519707E-16,-0.707106781186547));
#2244=DIRECTION('',(0.,-1.,0.));
#2245=DIRECTION('center_axis',(0.,-0.707106781186547,-0.707106781186548));
#2246=DIRECTION('ref_axis',(-1.,0.,0.));
#2247=DIRECTION('',(0.,0.707106781186548,-0.707106781186547));
#2248=DIRECTION('',(1.,0.,0.));
#2249=DIRECTION('',(0.,-0.707106781186548,0.707106781186547));
#2250=DIRECTION('center_axis',(1.,0.,0.));
#2251=DIRECTION('ref_axis',(0.,-1.,0.));
#2252=DIRECTION('',(0.,0.,-1.));
#2253=DIRECTION('',(0.,-1.,0.));
#2254=DIRECTION('center_axis',(0.,1.,0.));
#2255=DIRECTION('ref_axis',(1.,0.,0.));
#2256=DIRECTION('',(1.,0.,0.));
#2257=DIRECTION('center_axis',(0.,0.,1.));
#2258=DIRECTION('ref_axis',(-1.,0.,0.));
#2259=DIRECTION('',(0.,1.,0.));
#2260=DIRECTION('',(-1.,-3.08395284618099E-16,0.));
#2261=DIRECTION('center_axis',(0.707106781186547,0.,-0.707106781186548));
#2262=DIRECTION('ref_axis',(-0.707106781186548,0.,-0.707106781186547));
#2263=DIRECTION('',(0.707106781186548,0.,0.707106781186547));
#2264=DIRECTION('',(-0.707106781186548,2.18068397039413E-16,-0.707106781186547));
#2265=DIRECTION('',(0.,1.,0.));
#2266=DIRECTION('center_axis',(0.,0.707106781186547,-0.707106781186548));
#2267=DIRECTION('ref_axis',(-1.,0.,0.));
#2268=DIRECTION('',(0.,-0.707106781186548,-0.707106781186547));
#2269=DIRECTION('',(-1.,0.,0.));
#2270=DIRECTION('',(-1.15447974903219E-16,0.707106781186548,0.707106781186547));
#2271=DIRECTION('center_axis',(-1.,0.,0.));
#2272=DIRECTION('ref_axis',(0.,1.,0.));
#2273=DIRECTION('',(0.,0.,-1.));
#2274=DIRECTION('',(0.,1.,0.));
#2275=DIRECTION('center_axis',(0.,-1.,0.));
#2276=DIRECTION('ref_axis',(-1.,0.,0.));
#2277=DIRECTION('',(-1.,0.,0.));
#2278=DIRECTION('center_axis',(0.,0.,1.));
#2279=DIRECTION('ref_axis',(1.,0.,0.));
#2280=DIRECTION('',(0.,-1.,0.));
#2281=DIRECTION('',(1.,3.08395284618099E-16,0.));
#2282=DIRECTION('center_axis',(-0.707106781186547,0.,-0.707106781186548));
#2283=DIRECTION('ref_axis',(-0.707106781186548,0.,0.707106781186547));
#2284=DIRECTION('',(0.707106781186548,0.,-0.707106781186547));
#2285=DIRECTION('',(0.,1.,0.));
#2286=DIRECTION('',(-0.707106781186548,2.18068397039413E-16,0.707106781186547));
#2287=DIRECTION('center_axis',(0.,0.707106781186547,-0.707106781186548));
#2288=DIRECTION('ref_axis',(-1.,0.,0.));
#2289=DIRECTION('',(0.,0.707106781186548,0.707106781186547));
#2290=DIRECTION('',(0.,-0.707106781186548,-0.707106781186547));
#2291=DIRECTION('',(1.,0.,0.));
#2292=DIRECTION('center_axis',(-1.,0.,0.));
#2293=DIRECTION('ref_axis',(0.,1.,0.));
#2294=DIRECTION('',(0.,1.,0.));
#2295=DIRECTION('',(0.,0.,-1.));
#2296=DIRECTION('center_axis',(0.,1.,0.));
#2297=DIRECTION('ref_axis',(1.,0.,0.));
#2298=DIRECTION('',(1.,0.,0.));
#2299=DIRECTION('center_axis',(0.,0.,-1.));
#2300=DIRECTION('ref_axis',(-1.,0.,0.));
#2301=DIRECTION('',(0.,-1.,0.));
#2302=DIRECTION('',(-1.,3.08395284618099E-16,0.));
#2303=DIRECTION('center_axis',(1.,0.,0.));
#2304=DIRECTION('ref_axis',(0.,1.,0.));
#2305=DIRECTION('',(0.,0.,-1.));
#2306=DIRECTION('',(0.,1.,0.));
#2307=DIRECTION('',(0.,0.,1.));
#2308=DIRECTION('center_axis',(-3.08395284618099E-16,-1.,0.));
#2309=DIRECTION('ref_axis',(1.,-3.08395284618099E-16,0.));
#2310=DIRECTION('',(1.,-3.08395284618099E-16,0.));
#2311=DIRECTION('',(0.,0.,1.));
#2312=DIRECTION('center_axis',(-1.,-1.63268091856641E-16,0.));
#2313=DIRECTION('ref_axis',(1.63268091856641E-16,-1.,0.));
#2314=DIRECTION('',(1.63268091856641E-16,-1.,0.));
#2315=DIRECTION('',(0.,0.,1.));
#2316=DIRECTION('center_axis',(1.54197642309049E-16,1.,0.));
#2317=DIRECTION('ref_axis',(-1.,1.54197642309049E-16,0.));
#2318=DIRECTION('',(-1.,1.54197642309049E-16,0.));
#2319=DIRECTION('center_axis',(0.,0.,1.));
#2320=DIRECTION('ref_axis',(1.,0.,0.));
#2321=CARTESIAN_POINT('',(0.,0.,0.));
#2322=CARTESIAN_POINT('Origin',(6.76414401117463,-11.3935819518369,7.));
#2323=CARTESIAN_POINT('',(6.76414401117463,-11.3935819518369,7.));
#2324=CARTESIAN_POINT('',(4.94713520750151,-12.9182334772505,7.));
#2325=CARTESIAN_POINT('',(7.5845847995582,-10.7051503399527,7.));
#2326=CARTESIAN_POINT('',(6.76414401117463,-11.3935819518369,6.8));
#2327=CARTESIAN_POINT('',(6.76414401117463,-11.3935819518369,7.));
#2328=CARTESIAN_POINT('',(4.94713520750151,-12.9182334772505,6.8));
#2329=CARTESIAN_POINT('',(4.94713520750151,-12.9182334772505,6.8));
#2330=CARTESIAN_POINT('',(4.94713520750151,-12.9182334772505,7.));
#2331=CARTESIAN_POINT('Origin',(8.46331311856288,-1.75711501738482,7.));
#2332=CARTESIAN_POINT('',(8.46331311856288,-1.75711501738482,7.));
#2333=CARTESIAN_POINT('',(8.48595524341427,-1.62870514546131,7.));
#2334=CARTESIAN_POINT('',(8.46331311856288,-1.75711501738482,6.8));
#2335=CARTESIAN_POINT('',(8.46331311856288,-1.75711501738482,7.));
#2336=CARTESIAN_POINT('',(6.76414401117463,-11.3935819518369,6.8));
#2337=CARTESIAN_POINT('Origin',(7.22534863449902,-0.281766408606483,7.));
#2338=CARTESIAN_POINT('',(7.22534863449902,-0.281766408606483,7.));
#2339=CARTESIAN_POINT('',(5.663307180713,1.57980208981452,7.));
#2340=CARTESIAN_POINT('',(7.22534863449902,-0.281766408606483,6.8));
#2341=CARTESIAN_POINT('',(7.22534863449902,-0.281766408606483,7.));
#2342=CARTESIAN_POINT('',(8.46331311856288,-1.75711501738482,6.8));
#2343=CARTESIAN_POINT('Origin',(5.40833988236314,-1.80641779540058,7.));
#2344=CARTESIAN_POINT('',(5.40833988236314,-1.80641779540058,7.));
#2345=CARTESIAN_POINT('',(4.26621139496854,-2.76477739612142,7.));
#2346=CARTESIAN_POINT('',(5.40833988236314,-1.80641779540058,6.8));
#2347=CARTESIAN_POINT('',(5.40833988236314,-1.80641779540058,7.));
#2348=CARTESIAN_POINT('',(7.22534863449902,-0.281766408606483,6.8));
#2349=CARTESIAN_POINT('Origin',(3.70917071614021,-11.4428849520799,7.));
#2350=CARTESIAN_POINT('',(3.70917071614021,-11.4428849520799,7.));
#2351=CARTESIAN_POINT('',(4.63167241646313,-6.21111785445571,7.));
#2352=CARTESIAN_POINT('',(3.70917071614021,-11.4428849520799,6.8));
#2353=CARTESIAN_POINT('',(3.70917071614021,-11.4428849520799,7.));
#2354=CARTESIAN_POINT('',(3.70917071614021,-11.4428849520799,6.8));
#2355=CARTESIAN_POINT('Origin',(4.94713520750151,-12.9182334772505,7.));
#2356=CARTESIAN_POINT('',(0.744622413514869,-7.90987411324249,7.));
#2357=CARTESIAN_POINT('',(3.70917071614021,-11.4428849520799,6.8));
#2358=CARTESIAN_POINT('Origin',(6.08624191735155,-6.59999994292847,6.8));
#2359=CARTESIAN_POINT('Origin',(-3.70917075852706,11.44288485677,7.));
#2360=CARTESIAN_POINT('',(-3.70917075852706,11.44288485677,7.));
#2361=CARTESIAN_POINT('',(-5.40833990786577,1.80641777605942,7.));
#2362=CARTESIAN_POINT('',(-4.63167244839634,6.21111780768905,7.));
#2363=CARTESIAN_POINT('',(-3.70917075852706,11.44288485677,6.8));
#2364=CARTESIAN_POINT('',(-3.70917075852706,11.44288485677,7.));
#2365=CARTESIAN_POINT('',(-5.40833990786577,1.80641777605942,6.8));
#2366=CARTESIAN_POINT('',(-3.70917075852706,11.44288485677,6.8));
#2367=CARTESIAN_POINT('',(-5.40833990786577,1.80641777605942,7.));
#2368=CARTESIAN_POINT('Origin',(-4.94713524107735,12.9182334780182,7.));
#2369=CARTESIAN_POINT('',(-4.94713524107735,12.9182334780182,7.));
#2370=CARTESIAN_POINT('',(-0.744622566512468,7.90987389453118,7.));
#2371=CARTESIAN_POINT('',(-4.94713524107735,12.9182334780182,6.8));
#2372=CARTESIAN_POINT('',(-4.94713524107735,12.9182334780182,7.));
#2373=CARTESIAN_POINT('',(-4.94713524107735,12.9182334780182,6.8));
#2374=CARTESIAN_POINT('Origin',(-6.76414402931799,11.39358207396,7.));
#2375=CARTESIAN_POINT('',(-6.76414402931799,11.39358207396,7.));
#2376=CARTESIAN_POINT('',(-7.5845846912001,10.7051506171721,7.));
#2377=CARTESIAN_POINT('',(-6.76414402931799,11.39358207396,6.8));
#2378=CARTESIAN_POINT('',(-6.76414402931799,11.39358207396,7.));
#2379=CARTESIAN_POINT('',(-6.76414402931799,11.39358207396,6.8));
#2380=CARTESIAN_POINT('Origin',(-8.46331316123248,1.75711506767723,7.));
#2381=CARTESIAN_POINT('',(-8.46331316123248,1.75711506767723,7.));
#2382=CARTESIAN_POINT('',(-8.48595528899863,1.62870518011957,7.));
#2383=CARTESIAN_POINT('',(-8.46331316123248,1.75711506767723,6.8));
#2384=CARTESIAN_POINT('',(-8.46331316123248,1.75711506767723,7.));
#2385=CARTESIAN_POINT('',(-8.46331316123248,1.75711506767723,6.8));
#2386=CARTESIAN_POINT('Origin',(-7.22534863462052,0.281766410563154,7.));
#2387=CARTESIAN_POINT('',(-7.22534863462052,0.281766410563154,7.));
#2388=CARTESIAN_POINT('',(-5.66330717749278,-1.57980208884852,7.));
#2389=CARTESIAN_POINT('',(-7.22534863462052,0.281766410563154,6.8));
#2390=CARTESIAN_POINT('',(-7.22534863462052,0.281766410563154,7.));
#2391=CARTESIAN_POINT('',(-7.22534863462052,0.281766410563154,6.8));
#2392=CARTESIAN_POINT('Origin',(-5.40833990786577,1.80641777605942,7.));
#2393=CARTESIAN_POINT('',(-4.26621140822608,2.76477738705478,7.));
#2394=CARTESIAN_POINT('',(-7.22534863462052,0.281766410563154,6.8));
#2395=CARTESIAN_POINT('Origin',(-6.08624195987977,6.59999994429066,6.8));
#2396=CARTESIAN_POINT('Origin',(5.1512248619109,-1.49999999849876,7.));
#2397=CARTESIAN_POINT('',(5.1512248619109,-1.49999999849876,7.));
#2398=CARTESIAN_POINT('',(-5.73026908311162,-1.49999999849876,7.));
#2399=CARTESIAN_POINT('',(2.57561243095545,-1.49999999849876,7.));
#2400=CARTESIAN_POINT('',(5.1512248619109,-1.49999999849876,6.8));
#2401=CARTESIAN_POINT('',(5.1512248619109,-1.49999999849876,7.));
#2402=CARTESIAN_POINT('',(-5.73026908311162,-1.49999999849876,6.8));
#2403=CARTESIAN_POINT('',(5.1512248619109,-1.49999999849876,6.8));
#2404=CARTESIAN_POINT('',(-5.73026908311162,-1.49999999849876,7.));
#2405=CARTESIAN_POINT('Origin',(6.96823358933484,0.0246513675590592,7.));
#2406=CARTESIAN_POINT('',(6.96823358933484,0.0246513675590592,7.));
#2407=CARTESIAN_POINT('',(4.91760072587175,-1.69603392655873,7.));
#2408=CARTESIAN_POINT('',(6.96823358933484,0.0246513675590593,6.8));
#2409=CARTESIAN_POINT('',(6.96823358933484,0.0246513675590592,7.));
#2410=CARTESIAN_POINT('',(6.96823358933484,0.0246513675590592,6.8));
#2411=CARTESIAN_POINT('Origin',(5.73026908415589,1.50000000150124,7.));
#2412=CARTESIAN_POINT('',(5.73026908415589,1.50000000150124,7.));
#2413=CARTESIAN_POINT('',(4.91576740554123,2.47068529486838,7.));
#2414=CARTESIAN_POINT('',(5.73026908415589,1.50000000150124,6.8));
#2415=CARTESIAN_POINT('',(5.73026908415589,1.50000000150124,7.));
#2416=CARTESIAN_POINT('',(5.73026908415589,1.50000000150124,6.8));
#2417=CARTESIAN_POINT('Origin',(-5.15122486078604,1.50000000150124,7.));
#2418=CARTESIAN_POINT('',(-5.15122486078604,1.50000000150124,7.));
#2419=CARTESIAN_POINT('',(-2.57561243039302,1.50000000150124,7.));
#2420=CARTESIAN_POINT('',(-5.15122486078604,1.50000000150124,6.8));
#2421=CARTESIAN_POINT('',(-5.15122486078604,1.50000000150124,7.));
#2422=CARTESIAN_POINT('',(-5.15122486078604,1.50000000150124,6.8));
#2423=CARTESIAN_POINT('Origin',(-6.96823358923377,-0.0246513654156057,7.));
#2424=CARTESIAN_POINT('',(-6.96823358923377,-0.0246513654156057,7.));
#2425=CARTESIAN_POINT('',(-4.91760072632801,1.69603392823449,7.));
#2426=CARTESIAN_POINT('',(-6.96823358923377,-0.0246513654156058,6.8));
#2427=CARTESIAN_POINT('',(-6.96823358923377,-0.0246513654156057,7.));
#2428=CARTESIAN_POINT('',(-6.96823358923377,-0.0246513654156057,6.8));
#2429=CARTESIAN_POINT('Origin',(-5.73026908311162,-1.49999999849876,7.));
#2430=CARTESIAN_POINT('',(-4.91576740219218,-2.47068529330791,7.));
#2431=CARTESIAN_POINT('',(-5.73026908311162,-1.49999999849876,6.8));
#2432=CARTESIAN_POINT('Origin',(5.05362418579125E-11,1.50123857789453E-9,
6.8));
#2433=CARTESIAN_POINT('Origin',(11.4,-13.4,7.));
#2434=CARTESIAN_POINT('',(12.9,-13.4,7.));
#2435=CARTESIAN_POINT('Origin',(11.4,-13.4,7.));
#2436=CARTESIAN_POINT('',(12.9,-13.4,6.8));
#2437=CARTESIAN_POINT('',(12.9,-13.4,7.));
#2438=CARTESIAN_POINT('Origin',(11.4,-13.4,6.8));
#2439=CARTESIAN_POINT('Origin',(11.4,-13.4,6.8));
#2440=CARTESIAN_POINT('Origin',(3.402752942287,-11.6999999999999,7.));
#2441=CARTESIAN_POINT('',(3.402752942287,-11.6999999999999,7.));
#2442=CARTESIAN_POINT('',(4.64071744602893,-13.1753485399251,7.));
#2443=CARTESIAN_POINT('',(-0.180777603214816,-7.42931490191935,7.));
#2444=CARTESIAN_POINT('',(3.402752942287,-11.6999999999999,6.8));
#2445=CARTESIAN_POINT('',(3.402752942287,-11.6999999999999,7.));
#2446=CARTESIAN_POINT('',(4.64071744602893,-13.1753485399251,6.8));
#2447=CARTESIAN_POINT('',(3.402752942287,-11.6999999999999,6.8));
#2448=CARTESIAN_POINT('',(4.64071744602893,-13.1753485399251,7.));
#2449=CARTESIAN_POINT('Origin',(-7.4787408319553,-11.6999999999999,7.));
#2450=CARTESIAN_POINT('',(-7.4787408319553,-11.6999999999999,7.));
#2451=CARTESIAN_POINT('',(-3.73937041597765,-11.6999999999999,7.));
#2452=CARTESIAN_POINT('',(-7.4787408319553,-11.6999999999999,6.8));
#2453=CARTESIAN_POINT('',(-7.4787408319553,-11.6999999999999,7.));
#2454=CARTESIAN_POINT('',(-7.4787408319553,-11.6999999999999,6.8));
#2455=CARTESIAN_POINT('Origin',(-9.29574958721749,-13.2246513769813,7.));
#2456=CARTESIAN_POINT('',(-9.29574958721749,-13.2246513769813,7.));
#2457=CARTESIAN_POINT('',(-3.31232989537126,-8.20396611841489,7.));
#2458=CARTESIAN_POINT('',(-9.29574958721749,-13.2246513769813,6.8));
#2459=CARTESIAN_POINT('',(-9.29574958721749,-13.2246513769813,7.));
#2460=CARTESIAN_POINT('',(-9.29574958721749,-13.2246513769813,6.8));
#2461=CARTESIAN_POINT('Origin',(-8.05778505349218,-14.7,7.));
#2462=CARTESIAN_POINT('',(-8.05778505349218,-14.7,7.));
#2463=CARTESIAN_POINT('',(-10.0123121533846,-12.370685397746,7.));
#2464=CARTESIAN_POINT('',(-8.05778505349218,-14.7,6.8));
#2465=CARTESIAN_POINT('',(-8.05778505349218,-14.7,7.));
#2466=CARTESIAN_POINT('',(-8.05778505349218,-14.7,6.8));
#2467=CARTESIAN_POINT('Origin',(2.82370868602835,-14.7,7.));
#2468=CARTESIAN_POINT('',(2.82370868602835,-14.7,7.));
#2469=CARTESIAN_POINT('',(1.41185434301418,-14.7,7.));
#2470=CARTESIAN_POINT('',(2.82370868602835,-14.7,6.8));
#2471=CARTESIAN_POINT('',(2.82370868602835,-14.7,7.));
#2472=CARTESIAN_POINT('',(2.82370868602835,-14.7,6.8));
#2473=CARTESIAN_POINT('Origin',(4.64071744602893,-13.1753485399251,7.));
#2474=CARTESIAN_POINT('',(6.52287148859588,-11.5960336944179,7.));
#2475=CARTESIAN_POINT('',(2.82370868602835,-14.7,6.8));
#2476=CARTESIAN_POINT('Origin',(-2.32751607059428,-13.2,6.8));
#2477=CARTESIAN_POINT('Origin',(-3.40275298253953,11.6999999021463,7.));
#2478=CARTESIAN_POINT('',(-3.40275298253953,11.6999999021463,7.));
#2479=CARTESIAN_POINT('',(-4.64071746376768,13.1753485218188,7.));
#2480=CARTESIAN_POINT('',(0.18077745145168,7.42931462844744,7.));
#2481=CARTESIAN_POINT('',(-3.40275298253953,11.6999999021463,6.8));
#2482=CARTESIAN_POINT('',(-3.40275298253953,11.6999999021463,7.));
#2483=CARTESIAN_POINT('',(-4.64071746376768,13.1753485218188,6.8));
#2484=CARTESIAN_POINT('',(-4.64071746376768,13.1753485218188,6.8));
#2485=CARTESIAN_POINT('',(-4.64071746376768,13.1753485218188,7.));
#2486=CARTESIAN_POINT('Origin',(7.47874095973459,11.6999999021463,7.));
#2487=CARTESIAN_POINT('',(7.47874095973459,11.6999999021463,7.));
#2488=CARTESIAN_POINT('',(3.73937047986732,11.6999999021463,7.));
#2489=CARTESIAN_POINT('',(7.47874095973459,11.6999999021463,6.8));
#2490=CARTESIAN_POINT('',(7.47874095973459,11.6999999021463,7.));
#2491=CARTESIAN_POINT('',(-3.40275298253953,11.6999999021463,6.8));
#2492=CARTESIAN_POINT('Origin',(9.29574969443023,13.2246512612763,7.));
#2493=CARTESIAN_POINT('',(9.29574969443023,13.2246512612763,7.));
#2494=CARTESIAN_POINT('',(3.31232999895547,8.20396600162122,7.));
#2495=CARTESIAN_POINT('',(9.29574969443023,13.2246512612763,6.8));
#2496=CARTESIAN_POINT('',(9.29574969443023,13.2246512612763,7.));
#2497=CARTESIAN_POINT('',(7.47874095973459,11.6999999021463,6.8));
#2498=CARTESIAN_POINT('Origin',(8.05778519063484,14.6999999021462,7.));
#2499=CARTESIAN_POINT('',(8.05778519063484,14.6999999021462,7.));
#2500=CARTESIAN_POINT('',(10.0123122861785,12.3706852205757,7.));
#2501=CARTESIAN_POINT('',(8.05778519063484,14.6999999021462,6.8));
#2502=CARTESIAN_POINT('',(8.05778519063484,14.6999999021462,7.));
#2503=CARTESIAN_POINT('',(8.05778519063484,14.6999999021462,6.8));
#2504=CARTESIAN_POINT('Origin',(-2.82370870089412,14.6999999021462,7.));
#2505=CARTESIAN_POINT('',(-2.82370870089412,14.6999999021462,7.));
#2506=CARTESIAN_POINT('',(-1.41185435044706,14.6999999021462,7.));
#2507=CARTESIAN_POINT('',(-2.82370870089412,14.6999999021462,6.8));
#2508=CARTESIAN_POINT('',(-2.82370870089412,14.6999999021462,7.));
#2509=CARTESIAN_POINT('',(-2.82370870089412,14.6999999021462,6.8));
#2510=CARTESIAN_POINT('Origin',(-4.64071746376768,13.1753485218188,7.));
#2511=CARTESIAN_POINT('',(-6.52287140568597,11.5960338458697,7.));
#2512=CARTESIAN_POINT('',(-4.64071746376768,13.1753485218188,6.8));
#2513=CARTESIAN_POINT('Origin',(2.32751611533127,13.1999999021462,6.8));
#2514=CARTESIAN_POINT('Origin',(-6.03668686056269,-1.75711504213088,7.));
#2515=CARTESIAN_POINT('',(-6.03668686056269,-1.75711504213088,7.));
#2516=CARTESIAN_POINT('',(-7.73585615216256,-11.3935824546229,7.));
#2517=CARTESIAN_POINT('',(-5.79543046853527,-0.388882123068026,7.));
#2518=CARTESIAN_POINT('',(-6.03668686056269,-1.75711504213088,6.8));
#2519=CARTESIAN_POINT('',(-6.03668686056269,-1.75711504213088,7.));
#2520=CARTESIAN_POINT('',(-7.73585615216256,-11.3935824546229,6.8));
#2521=CARTESIAN_POINT('',(-6.03668686056269,-1.75711504213088,6.8));
#2522=CARTESIAN_POINT('',(-7.73585615216256,-11.3935824546229,7.));
#2523=CARTESIAN_POINT('Origin',(-7.27465136531394,-0.281766410681496,7.));
#2524=CARTESIAN_POINT('',(-7.27465136531394,-0.281766410681496,7.));
#2525=CARTESIAN_POINT('',(-5.84116743129104,-1.99012602208273,7.));
#2526=CARTESIAN_POINT('',(-7.27465136531394,-0.281766410681497,6.8));
#2527=CARTESIAN_POINT('',(-7.27465136531394,-0.281766410681496,7.));
#2528=CARTESIAN_POINT('',(-6.03668686056269,-1.75711504213088,6.8));
#2529=CARTESIAN_POINT('Origin',(-9.09166015842489,-1.80641783391148,7.));
#2530=CARTESIAN_POINT('',(-9.09166015842489,-1.80641783391148,7.));
#2531=CARTESIAN_POINT('',(-5.97931401324115,0.805150694446757,7.));
#2532=CARTESIAN_POINT('',(-9.09166015842489,-1.80641783391148,6.8));
#2533=CARTESIAN_POINT('',(-9.09166015842489,-1.80641783391148,7.));
#2534=CARTESIAN_POINT('',(-9.09166015842489,-1.80641783391148,6.8));
#2535=CARTESIAN_POINT('Origin',(-10.7908293014174,-11.4428849030201,7.));
#2536=CARTESIAN_POINT('',(-10.7908293014174,-11.4428849030201,7.));
#2537=CARTESIAN_POINT('',(-9.64971335909109,-4.97129480522902,7.));
#2538=CARTESIAN_POINT('',(-10.7908293014174,-11.4428849030201,6.8));
#2539=CARTESIAN_POINT('',(-10.7908293014174,-11.4428849030201,7.));
#2540=CARTESIAN_POINT('',(-10.7908293014174,-11.4428849030201,6.8));
#2541=CARTESIAN_POINT('Origin',(-9.55286465164985,-12.9182336169837,7.));
#2542=CARTESIAN_POINT('',(-9.55286465164985,-12.9182336169837,7.));
#2543=CARTESIAN_POINT('',(-10.7598519031895,-11.4798023260225,7.));
#2544=CARTESIAN_POINT('',(-9.55286465164985,-12.9182336169837,6.8));
#2545=CARTESIAN_POINT('',(-9.55286465164985,-12.9182336169837,7.));
#2546=CARTESIAN_POINT('',(-9.55286465164985,-12.9182336169837,6.8));
#2547=CARTESIAN_POINT('Origin',(-7.73585615216256,-11.3935824546229,7.));
#2548=CARTESIAN_POINT('',(-2.6609406998106,-7.13522276863647,7.));
#2549=CARTESIAN_POINT('',(-9.55286465164985,-12.9182336169837,6.8));
#2550=CARTESIAN_POINT('Origin',(-8.41375808099007,-6.60000001383262,6.8));
#2551=CARTESIAN_POINT('Origin',(9.09166011164387,1.80641779242329,7.));
#2552=CARTESIAN_POINT('',(9.09166011164387,1.80641779242329,7.));
#2553=CARTESIAN_POINT('',(7.27465137404578,0.281766402539208,7.));
#2554=CARTESIAN_POINT('',(5.97931400886568,-0.805150723022484,7.));
#2555=CARTESIAN_POINT('',(9.09166011164387,1.80641779242329,6.8));
#2556=CARTESIAN_POINT('',(9.09166011164387,1.80641779242329,7.));
#2557=CARTESIAN_POINT('',(7.27465137404578,0.281766402539208,6.8));
#2558=CARTESIAN_POINT('',(7.27465137404578,0.281766402539208,6.8));
#2559=CARTESIAN_POINT('',(7.27465137404578,0.281766402539208,7.));
#2560=CARTESIAN_POINT('Origin',(10.79082924856,11.4428848270716,7.));
#2561=CARTESIAN_POINT('',(10.79082924856,11.4428848270716,7.));
#2562=CARTESIAN_POINT('',(9.64971331352467,4.9712947706293,7.));
#2563=CARTESIAN_POINT('',(10.79082924856,11.4428848270716,6.8));
#2564=CARTESIAN_POINT('',(10.79082924856,11.4428848270716,7.));
#2565=CARTESIAN_POINT('',(9.09166011164387,1.80641779242329,6.8));
#2566=CARTESIAN_POINT('Origin',(9.55286473615958,12.9182334822286,7.));
#2567=CARTESIAN_POINT('',(9.55286473615958,12.9182334822286,7.));
#2568=CARTESIAN_POINT('',(10.7598520624826,11.4798019998678,7.));
#2569=CARTESIAN_POINT('',(9.55286473615958,12.9182334822286,6.8));
#2570=CARTESIAN_POINT('',(9.55286473615958,12.9182334822286,7.));
#2571=CARTESIAN_POINT('',(10.79082924856,11.4428848270716,6.8));
#2572=CARTESIAN_POINT('Origin',(7.73585600362563,11.3935821249125,7.));
#2573=CARTESIAN_POINT('',(7.73585600362563,11.3935821249125,7.));
#2574=CARTESIAN_POINT('',(2.66094067549044,7.13522254481575,7.));
#2575=CARTESIAN_POINT('',(7.73585600362563,11.3935821249125,6.8));
#2576=CARTESIAN_POINT('',(7.73585600362563,11.3935821249125,7.));
#2577=CARTESIAN_POINT('',(7.73585600362563,11.3935821249125,6.8));
#2578=CARTESIAN_POINT('Origin',(6.03668686096366,1.75711504590001,7.));
#2579=CARTESIAN_POINT('',(6.03668686096366,1.75711504590001,7.));
#2580=CARTESIAN_POINT('',(5.79543048546219,0.388882147979273,7.));
#2581=CARTESIAN_POINT('',(6.03668686096366,1.75711504590001,6.8));
#2582=CARTESIAN_POINT('',(6.03668686096366,1.75711504590001,7.));
#2583=CARTESIAN_POINT('',(7.73585600362563,11.3935821249125,6.8));
#2584=CARTESIAN_POINT('Origin',(7.27465137404578,0.281766402539208,7.));
#2585=CARTESIAN_POINT('',(5.84116743856897,1.99012601796942,7.));
#2586=CARTESIAN_POINT('',(6.03668686096366,1.75711504590001,6.8));
#2587=CARTESIAN_POINT('Origin',(8.41375805476185,6.59999994238391,6.8));
#2588=CARTESIAN_POINT('Origin',(-2.54,17.78,0.));
#2589=CARTESIAN_POINT('',(-2.79,17.78,-4.));
#2590=CARTESIAN_POINT('Origin',(-2.54,17.78,-4.));
#2591=CARTESIAN_POINT('',(-2.79,17.78,0.));
#2592=CARTESIAN_POINT('',(-2.79,17.78,0.));
#2593=CARTESIAN_POINT('Origin',(-2.54,17.78,0.));
#2594=CARTESIAN_POINT('Origin',(-2.54,17.78,-4.));
#2595=CARTESIAN_POINT('Origin',(5.08,17.78,0.));
#2596=CARTESIAN_POINT('',(4.83,17.78,-4.));
#2597=CARTESIAN_POINT('Origin',(5.08,17.78,-4.));
#2598=CARTESIAN_POINT('',(4.83,17.78,0.));
#2599=CARTESIAN_POINT('',(4.83,17.78,0.));
#2600=CARTESIAN_POINT('Origin',(5.08,17.78,0.));
#2601=CARTESIAN_POINT('Origin',(5.08,17.78,-4.));
#2602=CARTESIAN_POINT('Origin',(-5.08,17.78,0.));
#2603=CARTESIAN_POINT('',(-5.33,17.78,-4.));
#2604=CARTESIAN_POINT('Origin',(-5.08,17.78,-4.));
#2605=CARTESIAN_POINT('',(-5.33,17.78,0.));
#2606=CARTESIAN_POINT('',(-5.33,17.78,0.));
#2607=CARTESIAN_POINT('Origin',(-5.08,17.78,0.));
#2608=CARTESIAN_POINT('Origin',(-5.08,17.78,-4.));
#2609=CARTESIAN_POINT('Origin',(2.54,17.78,0.));
#2610=CARTESIAN_POINT('',(2.29,17.78,-4.));
#2611=CARTESIAN_POINT('Origin',(2.54,17.78,-4.));
#2612=CARTESIAN_POINT('',(2.29,17.78,0.));
#2613=CARTESIAN_POINT('',(2.29,17.78,0.));
#2614=CARTESIAN_POINT('Origin',(2.54,17.78,0.));
#2615=CARTESIAN_POINT('Origin',(2.54,17.78,-4.));
#2616=CARTESIAN_POINT('Origin',(0.,17.78,0.));
#2617=CARTESIAN_POINT('',(-0.25,17.78,-4.));
#2618=CARTESIAN_POINT('Origin',(0.,17.78,-4.));
#2619=CARTESIAN_POINT('',(-0.25,17.78,0.));
#2620=CARTESIAN_POINT('',(-0.25,17.78,0.));
#2621=CARTESIAN_POINT('Origin',(0.,17.78,0.));
#2622=CARTESIAN_POINT('Origin',(0.,17.78,-4.));
#2623=CARTESIAN_POINT('Origin',(-2.54,-17.78,0.));
#2624=CARTESIAN_POINT('',(-2.79,-17.78,-4.));
#2625=CARTESIAN_POINT('Origin',(-2.54,-17.78,-4.));
#2626=CARTESIAN_POINT('',(-2.79,-17.78,0.));
#2627=CARTESIAN_POINT('',(-2.79,-17.78,0.));
#2628=CARTESIAN_POINT('Origin',(-2.54,-17.78,0.));
#2629=CARTESIAN_POINT('Origin',(-2.54,-17.78,-4.));
#2630=CARTESIAN_POINT('Origin',(5.08,-17.78,0.));
#2631=CARTESIAN_POINT('',(4.83,-17.78,-4.));
#2632=CARTESIAN_POINT('Origin',(5.08,-17.78,-4.));
#2633=CARTESIAN_POINT('',(4.83,-17.78,0.));
#2634=CARTESIAN_POINT('',(4.83,-17.78,0.));
#2635=CARTESIAN_POINT('Origin',(5.08,-17.78,0.));
#2636=CARTESIAN_POINT('Origin',(5.08,-17.78,-4.));
#2637=CARTESIAN_POINT('Origin',(-5.08,-17.78,0.));
#2638=CARTESIAN_POINT('',(-5.33,-17.78,-4.));
#2639=CARTESIAN_POINT('Origin',(-5.08,-17.78,-4.));
#2640=CARTESIAN_POINT('',(-5.33,-17.78,0.));
#2641=CARTESIAN_POINT('',(-5.33,-17.78,0.));
#2642=CARTESIAN_POINT('Origin',(-5.08,-17.78,0.));
#2643=CARTESIAN_POINT('Origin',(-5.08,-17.78,-4.));
#2644=CARTESIAN_POINT('Origin',(2.54,-17.78,0.));
#2645=CARTESIAN_POINT('',(2.29,-17.78,-4.));
#2646=CARTESIAN_POINT('Origin',(2.54,-17.78,-4.));
#2647=CARTESIAN_POINT('',(2.29,-17.78,0.));
#2648=CARTESIAN_POINT('',(2.29,-17.78,0.));
#2649=CARTESIAN_POINT('Origin',(2.54,-17.78,0.));
#2650=CARTESIAN_POINT('Origin',(2.54,-17.78,-4.));
#2651=CARTESIAN_POINT('Origin',(0.,-17.78,0.));
#2652=CARTESIAN_POINT('',(-0.25,-17.78,-4.));
#2653=CARTESIAN_POINT('Origin',(0.,-17.78,-4.));
#2654=CARTESIAN_POINT('',(-0.25,-17.78,0.));
#2655=CARTESIAN_POINT('',(-0.25,-17.78,0.));
#2656=CARTESIAN_POINT('Origin',(0.,-17.78,0.));
#2657=CARTESIAN_POINT('Origin',(0.,-17.78,-4.));
#2658=CARTESIAN_POINT('Origin',(-12.4,10.2,-0.5));
#2659=CARTESIAN_POINT('',(-11.9,19.4,0.));
#2660=CARTESIAN_POINT('',(-12.9,19.4,-1.));
#2661=CARTESIAN_POINT('',(-12.4,19.4,-0.5));
#2662=CARTESIAN_POINT('',(-12.9,20.4,-1.));
#2663=CARTESIAN_POINT('',(-12.9,19.4,-1.));
#2664=CARTESIAN_POINT('',(-11.9,20.4,0.));
#2665=CARTESIAN_POINT('',(-5.57499999999999,20.4,6.325));
#2666=CARTESIAN_POINT('',(-11.9,10.2,0.));
#2667=CARTESIAN_POINT('Origin',(-6.7,18.4,-0.5));
#2668=CARTESIAN_POINT('',(-13.4,18.9,-1.));
#2669=CARTESIAN_POINT('',(-13.4,17.9,0.));
#2670=CARTESIAN_POINT('',(-13.4,18.525,-0.625));
#2671=CARTESIAN_POINT('',(-14.4,17.9,0.));
#2672=CARTESIAN_POINT('',(-6.7,17.9,0.));
#2673=CARTESIAN_POINT('',(-14.4,18.9,-1.));
#2674=CARTESIAN_POINT('',(-14.4,18.775,-0.875000000000004));
#2675=CARTESIAN_POINT('',(-14.4,18.9,-1.));
#2676=CARTESIAN_POINT('Origin',(0.,8.88178419700125E-15,0.));
#2677=CARTESIAN_POINT('',(11.9,20.4,0.));
#2678=CARTESIAN_POINT('',(-14.4,20.4,0.));
#2679=CARTESIAN_POINT('',(11.9,19.4,0.));
#2680=CARTESIAN_POINT('',(11.9,10.2,0.));
#2681=CARTESIAN_POINT('',(13.4,19.4,0.));
#2682=CARTESIAN_POINT('',(6.45,19.4,0.));
#2683=CARTESIAN_POINT('',(13.4,17.9,0.));
#2684=CARTESIAN_POINT('',(13.4,9.7,0.));
#2685=CARTESIAN_POINT('',(14.4,17.9,0.));
#2686=CARTESIAN_POINT('',(6.7,17.9,0.));
#2687=CARTESIAN_POINT('',(14.4,-17.9,0.));
#2688=CARTESIAN_POINT('',(14.4,20.4,0.));
#2689=CARTESIAN_POINT('',(13.4,-17.9,0.));
#2690=CARTESIAN_POINT('',(6.7,-17.9,0.));
#2691=CARTESIAN_POINT('',(13.4,-19.4,0.));
#2692=CARTESIAN_POINT('',(13.4,-9.69999999999999,0.));
#2693=CARTESIAN_POINT('',(11.9,-19.4,0.));
#2694=CARTESIAN_POINT('',(6.45,-19.4,0.));
#2695=CARTESIAN_POINT('',(11.9,-20.4,0.));
#2696=CARTESIAN_POINT('',(11.9,-10.2,0.));
#2697=CARTESIAN_POINT('',(-11.9,-20.4,0.));
#2698=CARTESIAN_POINT('',(14.4,-20.4,0.));
#2699=CARTESIAN_POINT('',(-11.9,-19.4,0.));
#2700=CARTESIAN_POINT('',(-11.9,-10.2,0.));
#2701=CARTESIAN_POINT('',(-13.4,-19.4,0.));
#2702=CARTESIAN_POINT('',(-6.45,-19.4,0.));
#2703=CARTESIAN_POINT('',(-13.4,-17.9,0.));
#2704=CARTESIAN_POINT('',(-13.4,-9.69999999999999,0.));
#2705=CARTESIAN_POINT('',(-14.4,-17.9,0.));
#2706=CARTESIAN_POINT('',(-6.7,-17.9,0.));
#2707=CARTESIAN_POINT('',(-14.4,-20.4,0.));
#2708=CARTESIAN_POINT('',(-13.4,19.4,0.));
#2709=CARTESIAN_POINT('',(-13.4,9.7,0.));
#2710=CARTESIAN_POINT('',(-6.45,19.4,0.));
#2711=CARTESIAN_POINT('Origin',(-13.4,19.4,0.));
#2712=CARTESIAN_POINT('',(-13.4,19.4,-1.));
#2713=CARTESIAN_POINT('',(-13.4,18.9,-1.));
#2714=CARTESIAN_POINT('',(-13.4,19.4,0.));
#2715=CARTESIAN_POINT('Origin',(-12.9,19.4,0.));
#2716=CARTESIAN_POINT('',(-13.4,19.4,-1.));
#2717=CARTESIAN_POINT('Origin',(-13.65,19.65,-1.));
#2718=CARTESIAN_POINT('',(-14.4,20.4,-1.));
#2719=CARTESIAN_POINT('',(-14.4,-20.4,-1.));
#2720=CARTESIAN_POINT('',(-14.4,20.4,-1.));
#2721=CARTESIAN_POINT('Origin',(12.4,10.2,-0.5));
#2722=CARTESIAN_POINT('',(12.9,19.4,-1.));
#2723=CARTESIAN_POINT('',(12.4,19.4,-0.5));
#2724=CARTESIAN_POINT('',(12.9,20.4,-1.));
#2725=CARTESIAN_POINT('',(12.775,20.4,-0.875000000000001));
#2726=CARTESIAN_POINT('',(12.9,19.4,-1.));
#2727=CARTESIAN_POINT('Origin',(6.7,18.4,-0.5));
#2728=CARTESIAN_POINT('',(13.4,18.9,-1.));
#2729=CARTESIAN_POINT('',(13.4,18.525,-0.625));
#2730=CARTESIAN_POINT('',(14.4,18.9,-1.));
#2731=CARTESIAN_POINT('',(14.4,18.9,-1.));
#2732=CARTESIAN_POINT('',(14.4,8.57499999999999,9.325));
#2733=CARTESIAN_POINT('Origin',(13.4,19.4,0.));
#2734=CARTESIAN_POINT('',(13.4,19.4,-1.));
#2735=CARTESIAN_POINT('',(13.4,19.4,0.));
#2736=CARTESIAN_POINT('',(13.4,18.9,-1.));
#2737=CARTESIAN_POINT('Origin',(12.9,19.4,0.));
#2738=CARTESIAN_POINT('',(13.4,19.4,-1.));
#2739=CARTESIAN_POINT('Origin',(13.65,19.65,-1.));
#2740=CARTESIAN_POINT('',(14.4,20.4,-1.));
#2741=CARTESIAN_POINT('',(14.4,-20.4,-1.));
#2742=CARTESIAN_POINT('',(14.4,20.4,-1.));
#2743=CARTESIAN_POINT('Origin',(-12.4,-10.2,-0.5));
#2744=CARTESIAN_POINT('',(-12.9,-19.4,-1.));
#2745=CARTESIAN_POINT('',(-12.4,-19.4,-0.5));
#2746=CARTESIAN_POINT('',(-12.9,-20.4,-1.));
#2747=CARTESIAN_POINT('',(-12.775,-20.4,-0.875));
#2748=CARTESIAN_POINT('',(-12.9,-19.4,-1.));
#2749=CARTESIAN_POINT('Origin',(-6.7,-18.4,-0.5));
#2750=CARTESIAN_POINT('',(-13.4,-18.9,-1.));
#2751=CARTESIAN_POINT('',(-13.4,-18.525,-0.625));
#2752=CARTESIAN_POINT('',(-14.4,-18.9,-1.));
#2753=CARTESIAN_POINT('',(-14.4,-18.9,-1.));
#2754=CARTESIAN_POINT('',(-14.4,-8.57499999999999,9.325));
#2755=CARTESIAN_POINT('Origin',(-13.4,-19.4,0.));
#2756=CARTESIAN_POINT('',(-13.4,-19.4,-1.));
#2757=CARTESIAN_POINT('',(-13.4,-19.4,0.));
#2758=CARTESIAN_POINT('',(-13.4,-18.9,-1.));
#2759=CARTESIAN_POINT('Origin',(-12.9,-19.4,0.));
#2760=CARTESIAN_POINT('',(-13.4,-19.4,-1.));
#2761=CARTESIAN_POINT('Origin',(-13.65,-19.65,-1.));
#2762=CARTESIAN_POINT('',(-14.4,-20.4,-1.));
#2763=CARTESIAN_POINT('',(-14.4,20.4,-1.));
#2764=CARTESIAN_POINT('',(-14.4,-20.4,-1.));
#2765=CARTESIAN_POINT('Origin',(12.4,-10.2,-0.5));
#2766=CARTESIAN_POINT('',(12.9,-19.4,-1.));
#2767=CARTESIAN_POINT('',(12.4,-19.4,-0.5));
#2768=CARTESIAN_POINT('',(12.9,-20.4,-1.));
#2769=CARTESIAN_POINT('',(12.9,-19.4,-1.));
#2770=CARTESIAN_POINT('',(5.57499999999999,-20.4,6.325));
#2771=CARTESIAN_POINT('Origin',(6.7,-18.4,-0.5));
#2772=CARTESIAN_POINT('',(13.4,-18.9,-1.));
#2773=CARTESIAN_POINT('',(13.4,-18.525,-0.625));
#2774=CARTESIAN_POINT('',(14.4,-18.9,-1.));
#2775=CARTESIAN_POINT('',(14.4,-18.775,-0.875));
#2776=CARTESIAN_POINT('',(14.4,-18.9,-1.));
#2777=CARTESIAN_POINT('Origin',(13.4,-19.4,0.));
#2778=CARTESIAN_POINT('',(13.4,-19.4,-1.));
#2779=CARTESIAN_POINT('',(13.4,-18.9,-1.));
#2780=CARTESIAN_POINT('',(13.4,-19.4,0.));
#2781=CARTESIAN_POINT('Origin',(12.9,-19.4,0.));
#2782=CARTESIAN_POINT('',(13.4,-19.4,-1.));
#2783=CARTESIAN_POINT('Origin',(13.65,-19.65,-1.));
#2784=CARTESIAN_POINT('',(14.4,-20.4,-1.));
#2785=CARTESIAN_POINT('',(14.4,20.4,-1.));
#2786=CARTESIAN_POINT('',(14.4,-20.4,-1.));
#2787=CARTESIAN_POINT('Origin',(14.4,-20.4,0.));
#2788=CARTESIAN_POINT('',(14.4,20.4,7.));
#2789=CARTESIAN_POINT('',(14.4,20.4,0.));
#2790=CARTESIAN_POINT('',(14.4,-20.4,7.));
#2791=CARTESIAN_POINT('',(14.4,20.4,7.));
#2792=CARTESIAN_POINT('',(14.4,-20.4,0.));
#2793=CARTESIAN_POINT('Origin',(-14.4,-20.4,0.));
#2794=CARTESIAN_POINT('',(-14.4,-20.4,7.));
#2795=CARTESIAN_POINT('',(14.4,-20.4,7.));
#2796=CARTESIAN_POINT('',(-14.4,-20.4,0.));
#2797=CARTESIAN_POINT('Origin',(-14.4,20.4,0.));
#2798=CARTESIAN_POINT('',(-14.4,20.4,7.));
#2799=CARTESIAN_POINT('',(-14.4,-20.4,7.));
#2800=CARTESIAN_POINT('',(-14.4,20.4,0.));
#2801=CARTESIAN_POINT('Origin',(14.4,20.4,0.));
#2802=CARTESIAN_POINT('',(-14.4,20.4,7.));
#2803=CARTESIAN_POINT('Origin',(0.,8.88178419700125E-15,7.));
#2804=UNCERTAINTY_MEASURE_WITH_UNIT(LENGTH_MEASURE(0.01),#2808,
'DISTANCE_ACCURACY_VALUE',
'Maximum model space distance between geometric entities at asserted c
onnectivities');
#2805=UNCERTAINTY_MEASURE_WITH_UNIT(LENGTH_MEASURE(0.01),#2808,
'DISTANCE_ACCURACY_VALUE',
'Maximum model space distance between geometric entities at asserted c
onnectivities');
#2806=(
GEOMETRIC_REPRESENTATION_CONTEXT(3)
GLOBAL_UNCERTAINTY_ASSIGNED_CONTEXT((#2804))
GLOBAL_UNIT_ASSIGNED_CONTEXT((#2808,#2810,#2811))
REPRESENTATION_CONTEXT('','3D')
);
#2807=(
GEOMETRIC_REPRESENTATION_CONTEXT(3)
GLOBAL_UNCERTAINTY_ASSIGNED_CONTEXT((#2805))
GLOBAL_UNIT_ASSIGNED_CONTEXT((#2808,#2810,#2811))
REPRESENTATION_CONTEXT('','3D')
);
#2808=(
LENGTH_UNIT()
NAMED_UNIT(*)
SI_UNIT(.MILLI.,.METRE.)
);
#2809=(
LENGTH_UNIT()
NAMED_UNIT(*)
SI_UNIT($,.METRE.)
);
#2810=(
NAMED_UNIT(*)
PLANE_ANGLE_UNIT()
SI_UNIT($,.RADIAN.)
);
#2811=(
NAMED_UNIT(*)
SI_UNIT($,.STERADIAN.)
SOLID_ANGLE_UNIT()
);
#2812=SHAPE_DEFINITION_REPRESENTATION(#2813,#2814);
#2813=PRODUCT_DEFINITION_SHAPE('',$,#2816);
#2814=SHAPE_REPRESENTATION('',(#1752),#2806);
#2815=PRODUCT_DEFINITION_CONTEXT('part definition',#2820,'design');
#2816=PRODUCT_DEFINITION('7-Segment 1 Zoll','7-Segment 1 Zoll v5',#2817,
#2815);
#2817=PRODUCT_DEFINITION_FORMATION('',$,#2822);
#2818=PRODUCT_RELATED_PRODUCT_CATEGORY('7-Segment 1 Zoll v5',
'7-Segment 1 Zoll v5',(#2822));
#2819=APPLICATION_PROTOCOL_DEFINITION('international standard',
'automotive_design',2009,#2820);
#2820=APPLICATION_CONTEXT(
'Core Data for Automotive Mechanical Design Process');
#2821=PRODUCT_CONTEXT('part definition',#2820,'mechanical');
#2822=PRODUCT('7-Segment 1 Zoll','7-Segment 1 Zoll v5',$,(#2821));
#2823=PRESENTATION_STYLE_ASSIGNMENT((#2827));
#2824=PRESENTATION_STYLE_ASSIGNMENT((#2828));
#2825=PRESENTATION_STYLE_ASSIGNMENT((#2829));
#2826=PRESENTATION_STYLE_ASSIGNMENT((#2830));
#2827=SURFACE_STYLE_USAGE(.BOTH.,#2831);
#2828=SURFACE_STYLE_USAGE(.BOTH.,#2832);
#2829=SURFACE_STYLE_USAGE(.BOTH.,#2833);
#2830=SURFACE_STYLE_USAGE(.BOTH.,#2834);
#2831=SURFACE_SIDE_STYLE('',(#2835));
#2832=SURFACE_SIDE_STYLE('',(#2836));
#2833=SURFACE_SIDE_STYLE('',(#2837));
#2834=SURFACE_SIDE_STYLE('',(#2838));
#2835=SURFACE_STYLE_FILL_AREA(#2839);
#2836=SURFACE_STYLE_FILL_AREA(#2840);
#2837=SURFACE_STYLE_FILL_AREA(#2841);
#2838=SURFACE_STYLE_FILL_AREA(#2842);
#2839=FILL_AREA_STYLE('Stahl - satiniert',(#2843));
#2840=FILL_AREA_STYLE('Farbe - Emaille gl\X\E4nzend (Rot)',(#2844));
#2841=FILL_AREA_STYLE('Farbe - Emaille gl\X\E4nzend (Wei\X\DF)',(#2845));
#2842=FILL_AREA_STYLE('Farbe - Emaille gl\X\E4nzend (Schwarz)',(#2846));
#2843=FILL_AREA_STYLE_COLOUR('Stahl - satiniert',#2847);
#2844=FILL_AREA_STYLE_COLOUR('Farbe - Emaille gl\X\E4nzend (Rot)',#2848);
#2845=FILL_AREA_STYLE_COLOUR('Farbe - Emaille gl\X\E4nzend (Wei\X\DF)',
#2849);
#2846=FILL_AREA_STYLE_COLOUR('Farbe - Emaille gl\X\E4nzend (Schwarz)',#2850);
#2847=COLOUR_RGB('Stahl - satiniert',0.627450980392157,0.627450980392157,
0.627450980392157);
#2848=COLOUR_RGB('Farbe - Emaille gl\X\E4nzend (Rot)',0.768627450980392,
0.207843137254902,0.152941176470588);
#2849=COLOUR_RGB('Farbe - Emaille gl\X\E4nzend (Wei\X\DF)',0.964705882352941,
0.964705882352941,0.952941176470588);
#2850=COLOUR_RGB('Farbe - Emaille gl\X\E4nzend (Schwarz)',0.0980392156862745,
0.0980392156862745,0.0980392156862745);
ENDSEC;
END-ISO-10303-21;
